#
# There is insufficient memory for the Java Runtime Environment to continue.
# Native memory allocation (malloc) failed to allocate 314784 bytes. Error detail: Chunk::new
# Possible reasons:
#   The system is out of physical RAM or swap space
#   This process is running with CompressedOops enabled, and the Java Heap may be blocking the growth of the native heap
# Possible solutions:
#   Reduce memory load on the system
#   Increase physical memory or swap space
#   Check if swap backing store is full
#   Decrease Java heap size (-Xmx/-Xms)
#   Decrease number of Java threads
#   Decrease Java thread stack sizes (-Xss)
#   Set larger code cache with -XX:ReservedCodeCacheSize=
#   JVM is running with Unscaled Compressed Oops mode in which the Java heap is
#     placed in the first 4GB address space. The Java Heap base address is the
#     maximum limit for the native heap growth. Please use -XX:HeapBaseMinAddress
#     to set the Java Heap base and to place the Java Heap above 4GB virtual address.
# This output file may be truncated or incomplete.
#
#  Out of Memory Error (arena.cpp:168), pid=3828, tid=17696
#
# JRE version: OpenJDK Runtime Environment Temurin-21.0.9+10 (21.0.9+10) (build 21.0.9+10-LTS)
# Java VM: OpenJDK 64-Bit Server VM Temurin-21.0.9+10 (21.0.9+10-LTS, mixed mode, sharing, tiered, compressed oops, compressed class ptrs, parallel gc, windows-amd64)
# No core dump will be written. Minidumps are not enabled by default on client versions of Windows
#

---------------  S U M M A R Y ------------

Command Line: --add-modules=ALL-SYSTEM --add-opens=java.base/java.util=ALL-UNNAMED --add-opens=java.base/java.lang=ALL-UNNAMED --add-opens=java.base/sun.nio.fs=ALL-UNNAMED -Declipse.application=org.eclipse.jdt.ls.core.id1 -Dosgi.bundles.defaultStartLevel=4 -Declipse.product=org.eclipse.jdt.ls.core.product -Djava.import.generatesMetadataFilesAtProjectRoot=false -DDetectVMInstallationsJob.disabled=true -Dfile.encoding=utf8 -XX:+UseParallelGC -XX:GCTimeRatio=4 -XX:AdaptiveSizePolicyWeight=90 -Dsun.zip.disableMemoryMapping=true -Xmx2G -Xms100m -Xlog:disable -javaagent:c:\Users\Yiðit Enes\.antigravity\extensions\redhat.java-1.50.0-win32-x64\lombok\lombok-1.18.39-4050.jar c:\Users\Yiðit Enes\.antigravity\extensions\redhat.java-1.50.0-win32-x64\server\plugins\org.eclipse.equinox.launcher_1.7.100.v20251111-0406.jar -configuration c:\Users\Yiðit Enes\AppData\Roaming\Antigravity\User\globalStorage\redhat.java\1.50.0\config_ss_win -data c:\Users\Yiðit Enes\AppData\Roaming\Antigravity\User\workspaceStorage\e9f5f340ce0226c7663030fdd03c03cc\redhat.java\ss_ws --pipe=\\.\pipe\lsp-c0da98c2f9fc07864294658bbae0b8f9-sock

Host: 11th Gen Intel(R) Core(TM) i5-11400H @ 2.70GHz, 12 cores, 7G,  Windows 10 , 64 bit Build 19041 (10.0.19041.5915)
Time: Sun Jan  4 19:08:31 2026 Türkiye Standart Saati elapsed time: 4.416081 seconds (0d 0h 0m 4s)

---------------  T H R E A D  ---------------

Current thread (0x0000022afd6a3e40):  JavaThread "Start Level: Equinox Container: a2af707a-dacf-4ca1-98dc-4ffc825fe62b" daemon [_thread_in_vm, id=17696, stack(0x000000ac40f00000,0x000000ac41000000) (1024K)]

Stack: [0x000000ac40f00000,0x000000ac41000000]
Native frames: (J=compiled Java code, j=interpreted, Vv=VM code, C=native code)
V  [jvm.dll+0x6d6e29]
V  [jvm.dll+0x8b4b76]
V  [jvm.dll+0x8b712e]
V  [jvm.dll+0x8b7813]
V  [jvm.dll+0x283d86]
V  [jvm.dll+0xc66ed]
V  [jvm.dll+0xc6c31]
V  [jvm.dll+0x58fd26]
V  [jvm.dll+0x5b5971]
V  [jvm.dll+0x82dee6]
V  [jvm.dll+0x478438]
V  [jvm.dll+0x47e268]
C  [java.dll+0x17ec]

Java frames: (J=compiled Java code, j=interpreted, Vv=VM code)
J 1200  java.lang.ClassLoader.defineClass1(Ljava/lang/ClassLoader;Ljava/lang/String;[BIILjava/security/ProtectionDomain;Ljava/lang/String;)Ljava/lang/Class; java.base@21.0.9 (0 bytes) @ 0x0000022aa6d58611 [0x0000022aa6d58540+0x00000000000000d1]
J 1884 c1 java.lang.ClassLoader.defineClass(Ljava/lang/String;[BIILjava/security/ProtectionDomain;)Ljava/lang/Class; java.base@21.0.9 (43 bytes) @ 0x0000022a9f5579fc [0x0000022a9f5576a0+0x000000000000035c]
J 2615 c1 org.eclipse.osgi.internal.loader.ModuleClassLoader.defineClass(Ljava/lang/String;[BLorg/eclipse/osgi/internal/loader/classpath/ClasspathEntry;)Lorg/eclipse/osgi/internal/loader/ModuleClassLoader$DefineClassResult; (67 bytes) @ 0x0000022a9f6efe3c [0x0000022a9f6efb20+0x000000000000031c]
J 2414 c1 org.eclipse.osgi.internal.loader.classpath.ClasspathManager.defineClass(Ljava/lang/String;[BLorg/eclipse/osgi/internal/loader/classpath/ClasspathEntry;Lorg/eclipse/osgi/storage/bundlefile/BundleEntry;Ljava/util/List;)Ljava/lang/Class; (636 bytes) @ 0x0000022a9f688564 [0x0000022a9f686ac0+0x0000000000001aa4]
J 2226 c1 org.eclipse.osgi.internal.loader.classpath.ClasspathManager.findClassImpl(Ljava/lang/String;Lorg/eclipse/osgi/internal/loader/classpath/ClasspathEntry;Ljava/util/List;)Ljava/lang/Class; (328 bytes) @ 0x0000022a9f60ed14 [0x0000022a9f60b740+0x00000000000035d4]
J 2058 c1 org.eclipse.osgi.internal.loader.classpath.ClasspathManager.findLocalClassImpl(Ljava/lang/String;[Lorg/eclipse/osgi/internal/loader/classpath/ClasspathEntry;Ljava/util/List;)Ljava/lang/Class; (55 bytes) @ 0x0000022a9f5b7e64 [0x0000022a9f5b7ce0+0x0000000000000184]
J 2057 c1 org.eclipse.osgi.internal.loader.classpath.ClasspathManager.findLocalClassImpl(Ljava/lang/String;Ljava/util/List;)Ljava/lang/Class; (132 bytes) @ 0x0000022a9f5b7414 [0x0000022a9f5b6ee0+0x0000000000000534]
J 2163 c1 org.eclipse.osgi.internal.loader.classpath.ClasspathManager.findLocalClass(Ljava/lang/String;)Ljava/lang/Class; (210 bytes) @ 0x0000022a9f5e77a4 [0x0000022a9f5e6ae0+0x0000000000000cc4]
J 2050 c1 org.eclipse.osgi.internal.loader.BundleLoader.findLocalClass(Ljava/lang/String;)Ljava/lang/Class; (159 bytes) @ 0x0000022a9f5ad954 [0x0000022a9f5acd60+0x0000000000000bf4]
J 2515 c1 org.eclipse.osgi.internal.loader.sources.SingleSourcePackage.loadClass(Ljava/lang/String;)Ljava/lang/Class; (9 bytes) @ 0x0000022a9f6bb5cc [0x0000022a9f6bb4c0+0x000000000000010c]
J 1949 c1 org.eclipse.osgi.internal.loader.BundleLoader.findClass0(Ljava/lang/String;ZZ)Ljava/lang/Class; (490 bytes) @ 0x0000022a9f57a71c [0x0000022a9f577660+0x00000000000030bc]
J 1948 c1 org.eclipse.osgi.internal.loader.BundleLoader.findClass(Ljava/lang/String;)Ljava/lang/Class; (8 bytes) @ 0x0000022a9f576c4c [0x0000022a9f576bc0+0x000000000000008c]
J 1997 c1 org.eclipse.osgi.internal.loader.ModuleClassLoader.loadClass(Ljava/lang/String;Z)Ljava/lang/Class; (36 bytes) @ 0x0000022a9f59364c [0x0000022a9f593420+0x000000000000022c]
J 1078 c1 java.lang.ClassLoader.loadClass(Ljava/lang/String;)Ljava/lang/Class; java.base@21.0.9 (7 bytes) @ 0x0000022a9f3b7654 [0x0000022a9f3b7540+0x0000000000000114]
v  ~StubRoutines::call_stub 0x0000022aa67410e7
j  org.eclipse.jdt.internal.core.JavaModelManager$8.optionsChanged(Lorg/eclipse/osgi/service/debug/DebugOptions;)V+654
j  org.eclipse.osgi.internal.debug.FrameworkDebugOptions.addingService(Lorg/osgi/framework/ServiceReference;)Lorg/eclipse/osgi/service/debug/DebugOptionsListener;+16
j  org.eclipse.osgi.internal.debug.FrameworkDebugOptions.addingService(Lorg/osgi/framework/ServiceReference;)Ljava/lang/Object;+5
j  org.osgi.util.tracker.ServiceTracker$Tracked.customizerAdding(Lorg/osgi/framework/ServiceReference;Lorg/osgi/framework/ServiceEvent;)Ljava/lang/Object;+8
j  org.osgi.util.tracker.ServiceTracker$Tracked.customizerAdding(Ljava/lang/Object;Ljava/lang/Object;)Ljava/lang/Object;+9
j  org.osgi.util.tracker.AbstractTracked.trackAdding(Ljava/lang/Object;Ljava/lang/Object;)V+8
j  org.osgi.util.tracker.AbstractTracked.track(Ljava/lang/Object;Ljava/lang/Object;)V+83
j  org.osgi.util.tracker.ServiceTracker$Tracked.serviceChanged(Lorg/osgi/framework/ServiceEvent;)V+67
J 2101 c1 org.eclipse.osgi.internal.serviceregistry.FilteredServiceListener.serviceChanged(Lorg/osgi/framework/ServiceEvent;)V (296 bytes) @ 0x0000022a9f5cb034 [0x0000022a9f5c8720+0x0000000000002914]
J 1923 c1 org.eclipse.osgi.internal.framework.BundleContextImpl.dispatchEvent(Ljava/lang/Object;Ljava/lang/Object;ILjava/lang/Object;)V (577 bytes) @ 0x0000022a9f56cf54 [0x0000022a9f569680+0x00000000000038d4]
J 2178 c1 org.eclipse.osgi.framework.eventmgr.EventManager.dispatchEvent(Ljava/util/Set;Lorg/eclipse/osgi/framework/eventmgr/EventDispatcher;ILjava/lang/Object;)V (69 bytes) @ 0x0000022a9f5f5f54 [0x0000022a9f5f5a40+0x0000000000000514]
j  org.eclipse.osgi.framework.eventmgr.ListenerQueue.dispatchEventSynchronous(ILjava/lang/Object;)V+67
j  org.eclipse.osgi.internal.serviceregistry.ServiceRegistry.publishServiceEventPrivileged(Lorg/osgi/framework/ServiceEvent;)V+320
j  org.eclipse.osgi.internal.serviceregistry.ServiceRegistry.publishServiceEvent(Lorg/osgi/framework/ServiceEvent;)V+8
j  org.eclipse.osgi.internal.serviceregistry.ServiceRegistrationImpl.register(Ljava/util/Dictionary;)V+137
j  org.eclipse.osgi.internal.serviceregistry.ServiceRegistry.registerService(Lorg/eclipse/osgi/internal/framework/BundleContextImpl;[Ljava/lang/String;Ljava/lang/Object;Ljava/util/Dictionary;)Lorg/eclipse/osgi/internal/serviceregistry/ServiceRegistrationImpl;+317
j  org.eclipse.osgi.internal.framework.BundleContextImpl.registerService([Ljava/lang/String;Ljava/lang/Object;Ljava/util/Dictionary;)Lorg/osgi/framework/ServiceRegistration;+15
j  org.eclipse.osgi.internal.framework.BundleContextImpl.registerService(Ljava/lang/String;Ljava/lang/Object;Ljava/util/Dictionary;)Lorg/osgi/framework/ServiceRegistration;+15
j  org.eclipse.osgi.internal.framework.BundleContextImpl.registerService(Ljava/lang/Class;Ljava/lang/Object;Ljava/util/Dictionary;)Lorg/osgi/framework/ServiceRegistration;+7
j  org.eclipse.jdt.internal.core.JavaModelManager.registerDebugOptionsListener(Lorg/osgi/framework/BundleContext;)V+32
j  org.eclipse.jdt.core.JavaCore.start(Lorg/osgi/framework/BundleContext;)V+6
j  org.eclipse.osgi.internal.framework.BundleContextImpl$2.run()Ljava/lang/Void;+23
j  org.eclipse.osgi.internal.framework.BundleContextImpl$2.run()Ljava/lang/Object;+1
J 1231 c1 java.security.AccessController.executePrivileged(Ljava/security/PrivilegedExceptionAction;Ljava/security/AccessControlContext;Ljava/lang/Class;)Ljava/lang/Object; java.base@21.0.9 (65 bytes) @ 0x0000022a9f405844 [0x0000022a9f4056e0+0x0000000000000164]
j  java.security.AccessController.doPrivileged(Ljava/security/PrivilegedExceptionAction;)Ljava/lang/Object;+9 java.base@21.0.9
j  org.eclipse.osgi.internal.framework.BundleContextImpl.startActivator(Lorg/osgi/framework/BundleActivator;)V+9
j  org.eclipse.osgi.internal.framework.BundleContextImpl.start()V+141
j  org.eclipse.osgi.internal.framework.EquinoxBundle.startWorker0()V+35
j  org.eclipse.osgi.internal.framework.EquinoxBundle$EquinoxModule.startWorker()V+4
j  org.eclipse.osgi.container.Module.doStart([Lorg/eclipse/osgi/container/Module$StartOptions;)Lorg/eclipse/osgi/container/ModuleContainerAdaptor$ModuleEvent;+200
J 2445 c1 org.eclipse.osgi.container.Module.start([Lorg/eclipse/osgi/container/Module$StartOptions;)V (662 bytes) @ 0x0000022a9f69b33c [0x0000022a9f699240+0x00000000000020fc]
J 2692 c1 org.eclipse.osgi.framework.util.SecureAction.start(Lorg/eclipse/osgi/container/Module;[Lorg/eclipse/osgi/container/Module$StartOptions;)V (61 bytes) @ 0x0000022a9f70a09c [0x0000022a9f709ee0+0x00000000000001bc]
J 2052 c1 org.eclipse.osgi.internal.hooks.EclipseLazyStarter.postFindLocalClass(Ljava/lang/String;Ljava/lang/Class;Lorg/eclipse/osgi/internal/loader/classpath/ClasspathManager;)V (394 bytes) @ 0x0000022a9f5b1114 [0x0000022a9f5b0140+0x0000000000000fd4]
J 2163 c1 org.eclipse.osgi.internal.loader.classpath.ClasspathManager.findLocalClass(Ljava/lang/String;)Ljava/lang/Class; (210 bytes) @ 0x0000022a9f5e7af4 [0x0000022a9f5e6ae0+0x0000000000001014]
J 2050 c1 org.eclipse.osgi.internal.loader.BundleLoader.findLocalClass(Ljava/lang/String;)Ljava/lang/Class; (159 bytes) @ 0x0000022a9f5ad954 [0x0000022a9f5acd60+0x0000000000000bf4]
J 2515 c1 org.eclipse.osgi.internal.loader.sources.SingleSourcePackage.loadClass(Ljava/lang/String;)Ljava/lang/Class; (9 bytes) @ 0x0000022a9f6bb5cc [0x0000022a9f6bb4c0+0x000000000000010c]
J 1949 c1 org.eclipse.osgi.internal.loader.BundleLoader.findClass0(Ljava/lang/String;ZZ)Ljava/lang/Class; (490 bytes) @ 0x0000022a9f57a71c [0x0000022a9f577660+0x00000000000030bc]
J 1948 c1 org.eclipse.osgi.internal.loader.BundleLoader.findClass(Ljava/lang/String;)Ljava/lang/Class; (8 bytes) @ 0x0000022a9f576c4c [0x0000022a9f576bc0+0x000000000000008c]
J 1997 c1 org.eclipse.osgi.internal.loader.ModuleClassLoader.loadClass(Ljava/lang/String;Z)Ljava/lang/Class; (36 bytes) @ 0x0000022a9f59364c [0x0000022a9f593420+0x000000000000022c]
J 1078 c1 java.lang.ClassLoader.loadClass(Ljava/lang/String;)Ljava/lang/Class; java.base@21.0.9 (7 bytes) @ 0x0000022a9f3b7654 [0x0000022a9f3b7540+0x0000000000000114]
v  ~StubRoutines::call_stub 0x0000022aa67410e7
j  java.lang.Class.getDeclaredConstructors0(Z)[Ljava/lang/reflect/Constructor;+0 java.base@21.0.9
j  java.lang.Class.privateGetDeclaredConstructors(Z)[Ljava/lang/reflect/Constructor;+52 java.base@21.0.9
j  java.lang.Class.getConstructor0([Ljava/lang/Class;I)Ljava/lang/reflect/Constructor;+14 java.base@21.0.9
j  java.lang.Class.getConstructor([Ljava/lang/Class;)Ljava/lang/reflect/Constructor;+24 java.base@21.0.9
j  org.eclipse.osgi.internal.framework.BundleContextImpl.loadBundleActivator()Lorg/osgi/framework/BundleActivator;+105
j  org.eclipse.osgi.internal.framework.BundleContextImpl.start()V+18
j  org.eclipse.osgi.internal.framework.EquinoxBundle.startWorker0()V+35
j  org.eclipse.osgi.internal.framework.EquinoxBundle$EquinoxModule.startWorker()V+4
j  org.eclipse.osgi.container.Module.doStart([Lorg/eclipse/osgi/container/Module$StartOptions;)Lorg/eclipse/osgi/container/ModuleContainerAdaptor$ModuleEvent;+200
j  org.eclipse.osgi.container.Module.start([Lorg/eclipse/osgi/container/Module$StartOptions;)V+460
j  org.eclipse.osgi.container.ModuleContainer$ContainerStartLevel$2.run()V+83
j  org.eclipse.osgi.internal.framework.EquinoxContainerAdaptor$1$1.execute(Ljava/lang/Runnable;)V+1
j  org.eclipse.osgi.container.ModuleContainer$ContainerStartLevel.incStartLevel(ILjava/util/List;Z)V+193
j  org.eclipse.osgi.container.ModuleContainer$ContainerStartLevel.incStartLevel(ILjava/util/List;Ljava/util/List;Ljava/util/List;Ljava/util/List;)V+19
j  org.eclipse.osgi.container.ModuleContainer$ContainerStartLevel.doContainerStartLevel(Lorg/eclipse/osgi/container/Module;I[Lorg/osgi/framework/FrameworkListener;)V+358
j  org.eclipse.osgi.container.ModuleContainer$ContainerStartLevel.dispatchEvent(Lorg/eclipse/osgi/container/Module;[Lorg/osgi/framework/FrameworkListener;ILjava/lang/Integer;)V+32
j  org.eclipse.osgi.container.ModuleContainer$ContainerStartLevel.dispatchEvent(Ljava/lang/Object;Ljava/lang/Object;ILjava/lang/Object;)V+15
j  org.eclipse.osgi.framework.eventmgr.EventManager.dispatchEvent(Ljava/util/Set;Lorg/eclipse/osgi/framework/eventmgr/EventDispatcher;ILjava/lang/Object;)V+48
j  org.eclipse.osgi.framework.eventmgr.EventManager$EventThread.run()V+26
v  ~StubRoutines::call_stub 0x0000022aa67410e7

Compiled method (n/a) 4440 1200     n 0       java.lang.ClassLoader::defineClass1 (native)
 total in heap  [0x0000022aa6d58390,0x0000022aa6d58818] = 1160
 relocation     [0x0000022aa6d584f0,0x0000022aa6d58528] = 56
 main code      [0x0000022aa6d58540,0x0000022aa6d58816] = 726
 stub code      [0x0000022aa6d58816,0x0000022aa6d58818] = 2

[Constant Pool (empty)]

[MachCode]
[Entry Point]
  # {method} {0x0000022ab3436820} 'defineClass1' '(Ljava/lang/ClassLoader;Ljava/lang/String;[BIILjava/security/ProtectionDomain;Ljava/lang/String;)Ljava/lang/Class;' in 'java/lang/ClassLoader'
  # parm0:    rdx:rdx   = 'java/lang/ClassLoader'
  # parm1:    r8:r8     = 'java/lang/String'
  # parm2:    r9:r9     = '[B'
  # parm3:    rdi       = int
  # parm4:    rsi       = int
  # parm5:    rcx:rcx   = 'java/security/ProtectionDomain'
  # parm6:    [sp+0xa0]   = 'java/lang/String'  (sp of caller)
  0x0000022aa6d58540: 448b 5208 | 49bb 0000 | 00b3 2a02 | 0000 4d03 | d349 3bc2 | 0f84 0600 

  0x0000022aa6d58558: ;   {runtime_call ic_miss_stub}
  0x0000022aa6d58558: 0000 e921 | 61a3 ff90 
[Verified Entry Point]
  0x0000022aa6d58560: 8984 2400 | 80ff ff55 | 488b ec48 | 81ec 9000 | 0000 6690 | 4181 7f20 | 0200 0000 

  0x0000022aa6d5857c: ;   {runtime_call StubRoutines (final stubs)}
  0x0000022aa6d5857c: 7405 e87d | 52a2 ff48 | 837d 1000 | 488d 4510 | 480f 4445 | 1048 8944 | 2440 4889 | 4c24 7048 
  0x0000022aa6d5859c: 83f9 0048 | 8d44 2470 | 480f 4444 | 2470 4889 | 4424 3848 | 8974 2430 | 4889 7c24 | 284c 894c 
  0x0000022aa6d585bc: 2458 4983 | f900 488d | 4424 5848 | 0f44 4424 | 5848 8944 | 2420 4c89 | 4424 5049 | 83f8 004c 
  0x0000022aa6d585dc: 8d4c 2450 | 4c0f 444c | 2450 4889 | 5424 4848 | 83fa 004c | 8d44 2448 | 4c0f 4444 

  0x0000022aa6d585f8: ;   {oop(a 'java/lang/Class'{0x00000000805042c0} = 'java/lang/ClassLoader')}
  0x0000022aa6d585f8: 2448 49be | c042 5080 | 0000 0000 | 4c89 7424 | 784c 8d74 | 2478 498b | d6c5 f877 

  0x0000022aa6d58614: ;   {internal_word}
  0x0000022aa6d58614: 49ba 1186 | d5a6 2a02 | 0000 4d89 | 97a0 0300 | 0049 89a7 | 9803 0000 

  0x0000022aa6d5862c: ;   {external_word}
  0x0000022aa6d5862c: 49ba cf4d | 08ee fa7f | 0000 4180 | 3a00 0f84 | 4e00 0000 | 5241 5041 

  0x0000022aa6d58644: ;   {metadata({method} {0x0000022ab3436820} 'defineClass1' '(Ljava/lang/ClassLoader;Ljava/lang/String;[BIILjava/security/ProtectionDomain;Ljava/lang/String;)Ljava/lang/Class;' in 'java/lang/ClassLoader')}
  0x0000022aa6d58644: 5148 ba18 | 6843 b32a | 0200 0049 | 8bcf 4883 | ec20 40f6 | c40f 0f84 | 1900 0000 | 4883 ec08 
  0x0000022aa6d58664: ;   {runtime_call}
  0x0000022aa6d58664: 48b8 40d5 | b1ed fa7f | 0000 ffd0 | 4883 c408 | e90c 0000 

  0x0000022aa6d58678: ;   {runtime_call}
  0x0000022aa6d58678: 0048 b840 | d5b1 edfa | 7f00 00ff | d048 83c4 | 2041 5941 | 585a 498d | 8fb8 0300 | 0041 c787 
  0x0000022aa6d58698: 4404 0000 | 0400 0000 

  0x0000022aa6d586a0: ;   {runtime_call}
  0x0000022aa6d586a0: 48b8 ac16 | 835b fb7f | 0000 ffd0 | c5f8 7741 | c787 4404 | 0000 0500 | 0000 f083 | 4424 c000 
  0x0000022aa6d586c0: 493b af48 | 0400 000f | 870e 0000 | 0041 83bf | 4004 0000 | 000f 842b | 0000 00c5 | f877 4889 
  0x0000022aa6d586e0: 45f8 498b | cf4c 8be4 | 4883 ec20 | 4883 e4f0 

  0x0000022aa6d586f0: ;   {runtime_call}
  0x0000022aa6d586f0: 48b8 e04b | 7ded fa7f | 0000 ffd0 | 498b e44d | 33e4 488b | 45f8 41c7 | 8744 0400 | 0008 0000 
  0x0000022aa6d58710: 0041 83bf | c004 0000 | 020f 84ca 

  0x0000022aa6d5871c: ;   {external_word}
  0x0000022aa6d5871c: 0000 0049 | bacf 4d08 | eefa 7f00 | 0041 803a | 000f 844c | 0000 0048 

  0x0000022aa6d58734: ;   {metadata({method} {0x0000022ab3436820} 'defineClass1' '(Ljava/lang/ClassLoader;Ljava/lang/String;[BIILjava/security/ProtectionDomain;Ljava/lang/String;)Ljava/lang/Class;' in 'java/lang/ClassLoader')}
  0x0000022aa6d58734: 8945 f848 | ba18 6843 | b32a 0200 | 0049 8bcf | 4883 ec20 | 40f6 c40f | 0f84 1900 | 0000 4883 
  0x0000022aa6d58754: ;   {runtime_call}
  0x0000022aa6d58754: ec08 48b8 | 40d5 b1ed | fa7f 0000 | ffd0 4883 | c408 e90c 

  0x0000022aa6d58768: ;   {runtime_call}
  0x0000022aa6d58768: 0000 0048 | b840 d5b1 | edfa 7f00 | 00ff d048 | 83c4 2048 | 8b45 f849 | c787 9803 | 0000 0000 
  0x0000022aa6d58788: 0000 49c7 | 87a0 0300 | 0000 0000 | 00c5 f877 | 4885 c00f | 8425 0000 | 00a8 030f | 8508 0000 
  0x0000022aa6d587a8: 0048 8b00 | e915 0000 | 00a8 010f | 8509 0000 | 0048 8b40 | fee9 0400 | 0000 488b | 40ff 498b 
  0x0000022aa6d587c8: 8f28 0400 | 00c7 8100 | 0100 0000 | 0000 00c9 | 4983 7f08 | 000f 8501 | 0000 00c3 

  0x0000022aa6d587e4: ;   {runtime_call StubRoutines (initial stubs)}
  0x0000022aa6d587e4: e917 879e | ffc5 f877 | 4889 45f8 | 4c8b e448 | 83ec 2048 

  0x0000022aa6d587f8: ;   {runtime_call}
  0x0000022aa6d587f8: 83e4 f048 | b890 0cb2 | edfa 7f00 | 00ff d049 | 8be4 4d33 | e448 8b45 | f8e9 09ff | ffff f4f4 
[/MachCode]


Compiled method (c1) 4447 1884       3       java.lang.ClassLoader::defineClass (43 bytes)
 total in heap  [0x0000022a9f557490,0x0000022a9f557df0] = 2400
 relocation     [0x0000022a9f5575f0,0x0000022a9f557690] = 160
 main code      [0x0000022a9f5576a0,0x0000022a9f557b40] = 1184
 stub code      [0x0000022a9f557b40,0x0000022a9f557bb8] = 120
 metadata       [0x0000022a9f557bb8,0x0000022a9f557be8] = 48
 scopes data    [0x0000022a9f557be8,0x0000022a9f557cd8] = 240
 scopes pcs     [0x0000022a9f557cd8,0x0000022a9f557db8] = 224
 dependencies   [0x0000022a9f557db8,0x0000022a9f557dc8] = 16
 nul chk table  [0x0000022a9f557dc8,0x0000022a9f557df0] = 40

[Constant Pool (empty)]

[MachCode]
[Entry Point]
  # {method} {0x0000022ab3436ba0} 'defineClass' '(Ljava/lang/String;[BIILjava/security/ProtectionDomain;)Ljava/lang/Class;' in 'java/lang/ClassLoader'
  # this:     rdx:rdx   = 'java/lang/ClassLoader'
  # parm0:    r8:r8     = 'java/lang/String'
  # parm1:    r9:r9     = '[B'
  # parm2:    rdi       = int
  # parm3:    rsi       = int
  # parm4:    rcx:rcx   = 'java/security/ProtectionDomain'
  #           [sp+0xc0]  (sp of caller)
  0x0000022a9f5576a0: 448b 5208 | 49bb 0000 | 00b3 2a02 | 0000 4d03 | d34c 3bd0 

  0x0000022a9f5576b4: ;   {runtime_call ic_miss_stub}
  0x0000022a9f5576b4: 0f85 c66f | 2307 660f | 1f44 0000 
[Verified Entry Point]
  0x0000022a9f5576c0: 8984 2400 | 80ff ff55 | 4881 ecb0 | 0000 0090 | 4181 7f20 | 0200 0000 

  0x0000022a9f5576d8: ;   {runtime_call StubRoutines (final stubs)}
  0x0000022a9f5576d8: 7405 e821 | 6122 0748 | 8954 2478 

  0x0000022a9f5576e4: ;   {metadata(method data for {method} {0x0000022ab3436ba0} 'defineClass' '(Ljava/lang/String;[BIILjava/security/ProtectionDomain;)Ljava/lang/Class;' in 'java/lang/ClassLoader')}
  0x0000022a9f5576e4: 48bb d844 | 39f6 2a02 | 0000 8b83 | cc00 0000 | 83c0 0289 | 83cc 0000 | 0025 fe07 | 0000 85c0 
  0x0000022a9f557704: 0f84 5803 | 0000 89b4 | 2494 0000 | 0089 bc24 | 9000 0000 | 4c89 8c24 | 8800 0000 

  0x0000022a9f557720: ;   {metadata(method data for {method} {0x0000022ab3436ba0} 'defineClass' '(Ljava/lang/String;[BIILjava/security/ProtectionDomain;)Ljava/lang/Class;' in 'java/lang/ClassLoader')}
  0x0000022a9f557720: 488b da48 | b8d8 4439 | f62a 0200 | 0048 8380 | 1001 0000 | 0149 8bd8 | 4c8b c34c | 8bc9 488b 
  0x0000022a9f557740: ca48 8bd1 | 4889 9c24 | 8000 0000 

  0x0000022a9f55774c: ;   {optimized virtual_call}
  0x0000022a9f55774c: 6666 90e8 

  0x0000022a9f557750: ; ImmutableOopMap {[120]=Oop [128]=Oop [136]=Oop }
                      ;*invokevirtual preDefineClass {reexecute=0 rethrow=0 return_oop=0}
                      ; - java.lang.ClassLoader::defineClass@4
  0x0000022a9f557750: 4c2f faff 

  0x0000022a9f557754: ;   {other}
  0x0000022a9f557754: 0f1f 8400 | c402 0000 | 4889 8424 | 9800 0000 | 488b 5424 

  0x0000022a9f557768: ;   {metadata(method data for {method} {0x0000022ab3436ba0} 'defineClass' '(Ljava/lang/String;[BIILjava/security/ProtectionDomain;)Ljava/lang/Class;' in 'java/lang/ClassLoader')}
  0x0000022a9f557768: 7849 b8d8 | 4439 f62a | 0200 0049 | 8380 4801 

  0x0000022a9f557778: ;   {metadata(method data for {method} {0x0000022ab3436888} 'defineClassSourceLocation' '(Ljava/security/ProtectionDomain;)Ljava/lang/String;' in 'java/lang/ClassLoader')}
  0x0000022a9f557778: 0000 0149 | b8f0 4b39 | f62a 0200 | 0041 8b90 | cc00 0000 | 83c2 0241 | 8990 cc00 | 0000 81e2 
  0x0000022a9f557798: feff 1f00 | 85d2 0f84 | df02 0000 

  0x0000022a9f5577a4: ; implicit exception: dispatches to 0x0000022a9f557aa4
  0x0000022a9f5577a4: 483b 004c 

  0x0000022a9f5577a8: ;   {metadata(method data for {method} {0x0000022ab3436888} 'defineClassSourceLocation' '(Ljava/security/ProtectionDomain;)Ljava/lang/String;' in 'java/lang/ClassLoader')}
  0x0000022a9f5577a8: 8bc0 48ba | f04b 39f6 | 2a02 0000 | 4883 8210 | 0100 0001 | 448b 4010 

  0x0000022a9f5577c0: ;   {metadata(method data for {method} {0x0000022ab3436888} 'defineClassSourceLocation' '(Ljava/security/ProtectionDomain;)Ljava/lang/String;' in 'java/lang/ClassLoader')}
  0x0000022a9f5577c0: 4d85 c048 | baf0 4b39 | f62a 0200 | 0048 c7c6 | 5801 0000 | 7507 48c7 | c648 0100 | 0048 8b3c 
  0x0000022a9f5577e0: 3248 8d7f | 0148 893c | 320f 850f 

  0x0000022a9f5577ec: ;   {oop(nullptr)}
  0x0000022a9f5577ec: 0000 0048 | bb00 0000 | 0000 0000 | 00e9 a901 | 0000 493b | 0049 8bd0 

  0x0000022a9f557804: ;   {metadata(method data for {method} {0x0000022ab3436888} 'defineClassSourceLocation' '(Ljava/security/ProtectionDomain;)Ljava/lang/String;' in 'java/lang/ClassLoader')}
  0x0000022a9f557804: 48be f04b | 39f6 2a02 | 0000 4883 | 8668 0100 | 0001 418b | 500c 4885 

  0x0000022a9f55781c: ;   {metadata(method data for {method} {0x0000022ab3436888} 'defineClassSourceLocation' '(Ljava/security/ProtectionDomain;)Ljava/lang/String;' in 'java/lang/ClassLoader')}
  0x0000022a9f55781c: d248 bef0 | 4b39 f62a | 0200 0048 | c7c7 b001 | 0000 7507 | 48c7 c7a0 | 0100 0048 | 8b1c 3e48 
  0x0000022a9f55783c: 8d5b 0148 | 891c 3e0f | 850f 0000 

  0x0000022a9f557848: ;   {oop(nullptr)}
  0x0000022a9f557848: 0048 bb00 | 0000 0000 | 0000 00e9 | 4f01 0000 

  0x0000022a9f557858: ;   {metadata(method data for {method} {0x0000022ab3436888} 'defineClassSourceLocation' '(Ljava/security/ProtectionDomain;)Ljava/lang/String;' in 'java/lang/ClassLoader')}
  0x0000022a9f557858: 48be f04b | 39f6 2a02 | 0000 4883 | 86c0 0100 | 0001 483b | 024c 8bc2 

  0x0000022a9f557870: ;   {metadata(method data for {method} {0x0000022ab3436888} 'defineClassSourceLocation' '(Ljava/security/ProtectionDomain;)Ljava/lang/String;' in 'java/lang/ClassLoader')}
  0x0000022a9f557870: 48be f04b | 39f6 2a02 | 0000 4883 | 86f8 0100 

  0x0000022a9f557880: ;   {metadata(method data for {method} {0x0000022ab301abf0} 'toString' '()Ljava/lang/String;' in 'java/net/URL')}
  0x0000022a9f557880: 0001 49b8 | 283d 39f6 | 2a02 0000 | 418b b0cc | 0000 0083 | c602 4189 | b0cc 0000 | 0081 e6fe 
  0x0000022a9f5578a0: ff1f 0085 | f60f 8408 | 0200 004c 

  0x0000022a9f5578ac: ;   {metadata(method data for {method} {0x0000022ab301abf0} 'toString' '()Ljava/lang/String;' in 'java/net/URL')}
  0x0000022a9f5578ac: 8bc2 48be | 283d 39f6 | 2a02 0000 | 4883 8610 | 0100 0001 

  0x0000022a9f5578c0: ;   {metadata(method data for {method} {0x0000022ab342a428} 'toExternalForm' '()Ljava/lang/String;' in 'java/net/URL')}
  0x0000022a9f5578c0: 49b8 b8b4 | 38f6 2a02 | 0000 418b | b0cc 0000 | 0083 c602 | 4189 b0cc | 0000 0081 | e6fe ff1f 
  0x0000022a9f5578e0: 0085 f60f | 84eb 0100 | 008b 7238 

  0x0000022a9f5578ec: ; implicit exception: dispatches to 0x0000022a9f557af5
  0x0000022a9f5578ec: 483b 064c 

  0x0000022a9f5578f0: ;   {metadata(method data for {method} {0x0000022ab342a428} 'toExternalForm' '()Ljava/lang/String;' in 'java/net/URL')}
  0x0000022a9f5578f0: 8bc6 48bf | b8b4 38f6 | 2a02 0000 | 458b 4008 | 49ba 0000 | 00b3 2a02 | 0000 4d03 | c24c 3b87 
  0x0000022a9f557910: 2001 0000 | 750d 4883 | 8728 0100 | 0001 e960 | 0000 004c | 3b87 3001 | 0000 750d | 4883 8738 
  0x0000022a9f557930: 0100 0001 | e94a 0000 | 0048 83bf | 2001 0000 | 0075 174c | 8987 2001 | 0000 48c7 | 8728 0100 
  0x0000022a9f557950: 0001 0000 | 00e9 2900 | 0000 4883 | bf30 0100 | 0000 7517 | 4c89 8730 | 0100 0048 | c787 3801 
  0x0000022a9f557970: 0000 0100 | 0000 e908 | 0000 0048 | 8387 1001 | 0000 014c | 8bc2 488b | d60f 1f40 | 0048 b8ff 
  0x0000022a9f557990: ffff ffff 

  0x0000022a9f557994: ;   {virtual_call}
  0x0000022a9f557994: ffff ffe8 

  0x0000022a9f557998: ; ImmutableOopMap {[120]=Oop [128]=Oop [136]=Oop [152]=Oop }
                      ;*invokevirtual toExternalForm {reexecute=0 rethrow=0 return_oop=0}
                      ; - java.net.URL::toExternalForm@5
                      ; - java.net.URL::toString@1
                      ; - java.lang.ClassLoader::defineClassSourceLocation@22
                      ; - java.lang.ClassLoader::defineClass@12
  0x0000022a9f557998: f460 2f07 

  0x0000022a9f55799c: ;   {other}
  0x0000022a9f55799c: 0f1f 8400 | 0c05 0001 | 488b d848 | 8b84 2498 | 0000 008b | b424 9400 | 0000 8bbc | 2490 0000 
  0x0000022a9f5579bc: 004c 8b8c | 2488 0000 | 004c 8b84 | 2480 0000 | 0048 8b54 

  0x0000022a9f5579d0: ;   {metadata(method data for {method} {0x0000022ab3436ba0} 'defineClass' '(Ljava/lang/String;[BIILjava/security/ProtectionDomain;)Ljava/lang/Class;' in 'java/lang/ClassLoader')}
  0x0000022a9f5579d0: 2478 48b9 | d844 39f6 | 2a02 0000 | 4883 8180 | 0100 0001 | 4c8b da49 | 8bd3 488b | c848 891c 
  0x0000022a9f5579f0: 2466 0f1f 

  0x0000022a9f5579f4: ;   {static_call}
  0x0000022a9f5579f4: 4400 00e8 

  0x0000022a9f5579f8: ; ImmutableOopMap {[120]=Oop [152]=Oop }
                      ;*invokestatic defineClass1 {reexecute=0 rethrow=0 return_oop=0}
                      ; - java.lang.ClassLoader::defineClass@27
  0x0000022a9f5579f8: 640b 8007 

  0x0000022a9f5579fc: ;   {other}
  0x0000022a9f5579fc: 0f1f 8400 | 6c05 0002 | 488b 5424 

  0x0000022a9f557a08: ;   {metadata(method data for {method} {0x0000022ab3436ba0} 'defineClass' '(Ljava/lang/String;[BIILjava/security/ProtectionDomain;)Ljava/lang/Class;' in 'java/lang/ClassLoader')}
  0x0000022a9f557a08: 7849 b8d8 | 4439 f62a | 0200 0049 | 8380 9001 | 0000 014c | 8bc0 4c8b | 8c24 9800 | 0000 488b 
  0x0000022a9f557a28: 5424 7848 | 8984 24a0 | 0000 000f 

  0x0000022a9f557a34: ;   {optimized virtual_call}
  0x0000022a9f557a34: 1f40 00e8 

  0x0000022a9f557a38: ; ImmutableOopMap {[160]=Oop }
                      ;*invokevirtual postDefineClass {reexecute=0 rethrow=0 return_oop=0}
                      ; - java.lang.ClassLoader::defineClass@37
  0x0000022a9f557a38: e446 faff 

  0x0000022a9f557a3c: ;   {other}
  0x0000022a9f557a3c: 0f1f 8400 | ac05 0003 | 488b 8424 | a000 0000 | 4881 c4b0 | 0000 005d 

  0x0000022a9f557a54: ;   {poll_return}
  0x0000022a9f557a54: 493b a748 | 0400 000f | 8799 0000 

  0x0000022a9f557a60: ;   {metadata({method} {0x0000022ab3436ba0} 'defineClass' '(Ljava/lang/String;[BIILjava/security/ProtectionDomain;)Ljava/lang/Class;' in 'java/lang/ClassLoader')}
  0x0000022a9f557a60: 00c3 49ba | 986b 43b3 | 2a02 0000 | 4c89 5424 | 0848 c704 | 24ff ffff 

  0x0000022a9f557a78: ;   {runtime_call counter_overflow Runtime1 stub}
  0x0000022a9f557a78: ffe8 02cf 

  0x0000022a9f557a7c: ; ImmutableOopMap {rdx=Oop r8=Oop r9=Oop rcx=Oop [120]=Oop }
                      ;*synchronization entry
                      ; - java.lang.ClassLoader::defineClass@-1
  0x0000022a9f557a7c: 2e07 e987 

  0x0000022a9f557a80: ;   {metadata({method} {0x0000022ab3436888} 'defineClassSourceLocation' '(Ljava/security/ProtectionDomain;)Ljava/lang/String;' in 'java/lang/ClassLoader')}
  0x0000022a9f557a80: fcff ff49 | ba80 6843 | b32a 0200 | 004c 8954 | 2408 48c7 | 0424 ffff 

  0x0000022a9f557a98: ;   {runtime_call counter_overflow Runtime1 stub}
  0x0000022a9f557a98: ffff e8e1 

  0x0000022a9f557a9c: ; ImmutableOopMap {rax=Oop [120]=Oop [128]=Oop [136]=Oop [152]=Oop }
                      ;*synchronization entry
                      ; - java.lang.ClassLoader::defineClassSourceLocation@-1
                      ; - java.lang.ClassLoader::defineClass@12
  0x0000022a9f557a9c: ce2e 07e9 | 00fd ffff 

  0x0000022a9f557aa4: ;   {runtime_call throw_null_pointer_exception Runtime1 stub}
  0x0000022a9f557aa4: e877 6c2e 

  0x0000022a9f557aa8: ; ImmutableOopMap {rax=Oop [120]=Oop [128]=Oop [136]=Oop [152]=Oop }
                      ;*invokevirtual getCodeSource {reexecute=0 rethrow=0 return_oop=0}
                      ; - java.lang.ClassLoader::defineClassSourceLocation@1
                      ; - java.lang.ClassLoader::defineClass@12
                      ;   {runtime_call throw_null_pointer_exception Runtime1 stub}
  0x0000022a9f557aa8: 07e8 726c 

  0x0000022a9f557aac: ; ImmutableOopMap {rax=Oop r8=Oop [120]=Oop [128]=Oop [136]=Oop [152]=Oop }
                      ;*invokevirtual getLocation {reexecute=0 rethrow=0 return_oop=0}
                      ; - java.lang.ClassLoader::defineClassSourceLocation@12
                      ; - java.lang.ClassLoader::defineClass@12
                      ;   {runtime_call throw_null_pointer_exception Runtime1 stub}
  0x0000022a9f557aac: 2e07 e86d 

  0x0000022a9f557ab0: ; ImmutableOopMap {rdx=Oop [120]=Oop [128]=Oop [136]=Oop [152]=Oop }
                      ;*invokevirtual toString {reexecute=0 rethrow=0 return_oop=0}
                      ; - java.lang.ClassLoader::defineClassSourceLocation@22
                      ; - java.lang.ClassLoader::defineClass@12
                      ;   {metadata({method} {0x0000022ab301abf0} 'toString' '()Ljava/lang/String;' in 'java/net/URL')}
  0x0000022a9f557ab0: 6c2e 0749 | bae8 ab01 | b32a 0200 | 004c 8954 | 2408 48c7 | 0424 ffff 

  0x0000022a9f557ac8: ;   {runtime_call counter_overflow Runtime1 stub}
  0x0000022a9f557ac8: ffff e8b1 

  0x0000022a9f557acc: ; ImmutableOopMap {rdx=Oop [120]=Oop [128]=Oop [136]=Oop [152]=Oop }
                      ;*synchronization entry
                      ; - java.net.URL::toString@-1
                      ; - java.lang.ClassLoader::defineClassSourceLocation@22
                      ; - java.lang.ClassLoader::defineClass@12
  0x0000022a9f557acc: ce2e 07e9 | d7fd ffff 

  0x0000022a9f557ad4: ;   {metadata({method} {0x0000022ab342a428} 'toExternalForm' '()Ljava/lang/String;' in 'java/net/URL')}
  0x0000022a9f557ad4: 49ba 20a4 | 42b3 2a02 | 0000 4c89 | 5424 0848 | c704 24ff 

  0x0000022a9f557ae8: ;   {runtime_call counter_overflow Runtime1 stub}
  0x0000022a9f557ae8: ffff ffe8 

  0x0000022a9f557aec: ; ImmutableOopMap {rdx=Oop [120]=Oop [128]=Oop [136]=Oop [152]=Oop }
                      ;*synchronization entry
                      ; - java.net.URL::toExternalForm@-1
                      ; - java.net.URL::toString@1
                      ; - java.lang.ClassLoader::defineClassSourceLocation@22
                      ; - java.lang.ClassLoader::defineClass@12
  0x0000022a9f557aec: 90ce 2e07 | e9f4 fdff 

  0x0000022a9f557af4: ;   {runtime_call throw_null_pointer_exception Runtime1 stub}
  0x0000022a9f557af4: ffe8 266c 

  0x0000022a9f557af8: ; ImmutableOopMap {rdx=Oop rsi=Oop [120]=Oop [128]=Oop [136]=Oop [152]=Oop }
                      ;*invokevirtual toExternalForm {reexecute=0 rethrow=0 return_oop=0}
                      ; - java.net.URL::toExternalForm@5
                      ; - java.net.URL::toString@1
                      ; - java.lang.ClassLoader::defineClassSourceLocation@22
                      ; - java.lang.ClassLoader::defineClass@12
                      ;   {internal_word}
  0x0000022a9f557af8: 2e07 49ba | 547a 559f | 2a02 0000 | 4d89 9760 

  0x0000022a9f557b08: ;   {runtime_call SafepointBlob}
  0x0000022a9f557b08: 0400 00e9 | 70e0 2307 | 498b 87f8 | 0400 0049 | c787 f804 | 0000 0000 | 0000 49c7 | 8700 0500 
  0x0000022a9f557b28: 0000 0000 | 0048 81c4 | b000 0000 

  0x0000022a9f557b34: ;   {runtime_call unwind_exception Runtime1 stub}
  0x0000022a9f557b34: 5de9 c65c | 2e07 f4f4 | f4f4 f4f4 
[Stub Code]
  0x0000022a9f557b40: ;   {no_reloc}
  0x0000022a9f557b40: 0f1f 4400 

  0x0000022a9f557b44: ;   {static_stub}
  0x0000022a9f557b44: 0048 bb00 | 0000 0000 

  0x0000022a9f557b4c: ;   {runtime_call nmethod}
  0x0000022a9f557b4c: 0000 00e9 | fbff ffff 

  0x0000022a9f557b54: ;   {static_stub}
  0x0000022a9f557b54: 48bb 0000 | 0000 0000 

  0x0000022a9f557b5c: ;   {runtime_call nmethod}
  0x0000022a9f557b5c: 0000 e9fb 

  0x0000022a9f557b60: ;   {static_stub}
  0x0000022a9f557b60: ffff ff48 | bb00 0000 | 0000 0000 

  0x0000022a9f557b6c: ;   {runtime_call nmethod}
  0x0000022a9f557b6c: 00e9 fbff 

  0x0000022a9f557b70: ;   {static_stub}
  0x0000022a9f557b70: ffff 48bb | 0000 0000 | 0000 0000 

  0x0000022a9f557b7c: ;   {runtime_call nmethod}
  0x0000022a9f557b7c: e9fb ffff 

  0x0000022a9f557b80: ;   {runtime_call handle_exception_from_callee Runtime1 stub}
  0x0000022a9f557b80: ffe8 7a91 

  0x0000022a9f557b84: ;   {external_word}
  0x0000022a9f557b84: 2e07 48b9 | 2053 deed | fa7f 0000 | 4883 e4f0 

  0x0000022a9f557b94: ;   {runtime_call}
  0x0000022a9f557b94: 48b8 90b7 | a0ed fa7f | 0000 ffd0 

  0x0000022a9f557ba0: ;   {section_word}
  0x0000022a9f557ba0: f449 baa1 | 7b55 9f2a | 0200 0041 

  0x0000022a9f557bac: ;   {runtime_call DeoptimizationBlob}
  0x0000022a9f557bac: 52e9 6ef4 | 2307 f4f4 | f4f4 f4f4 
[/MachCode]


Compiled method (c1) 4467 2615   !   3       org.eclipse.osgi.internal.loader.ModuleClassLoader::defineClass (67 bytes)
 total in heap  [0x0000022a9f6ef910,0x0000022a9f6f04f0] = 3040
 relocation     [0x0000022a9f6efa70,0x0000022a9f6efb18] = 168
 main code      [0x0000022a9f6efb20,0x0000022a9f6f0120] = 1536
 stub code      [0x0000022a9f6f0120,0x0000022a9f6f0190] = 112
 oops           [0x0000022a9f6f0190,0x0000022a9f6f0198] = 8
 metadata       [0x0000022a9f6f0198,0x0000022a9f6f01d8] = 64
 scopes data    [0x0000022a9f6f01d8,0x0000022a9f6f0328] = 336
 scopes pcs     [0x0000022a9f6f0328,0x0000022a9f6f0438] = 272
 dependencies   [0x0000022a9f6f0438,0x0000022a9f6f0450] = 24
 handler table  [0x0000022a9f6f0450,0x0000022a9f6f04c8] = 120
 nul chk table  [0x0000022a9f6f04c8,0x0000022a9f6f04f0] = 40

[Constant Pool (empty)]

[MachCode]
[Entry Point]
  # {method} {0x0000022af662a458} 'defineClass' '(Ljava/lang/String;[BLorg/eclipse/osgi/internal/loader/classpath/ClasspathEntry;)Lorg/eclipse/osgi/internal/loader/ModuleClassLoader$DefineClassResult;' in 'org/eclipse/osgi/internal/loader/ModuleClassLoader'
  # this:     rdx:rdx   = 'org/eclipse/osgi/internal/loader/ModuleClassLoader'
  # parm0:    r8:r8     = 'java/lang/String'
  # parm1:    r9:r9     = '[B'
  # parm2:    rdi:rdi   = 'org/eclipse/osgi/internal/loader/classpath/ClasspathEntry'
  #           [sp+0xb0]  (sp of caller)
  0x0000022a9f6efb20: 448b 5208 | 49bb 0000 | 00b3 2a02 | 0000 4d03 | d34c 3bd0 

  0x0000022a9f6efb34: ;   {runtime_call ic_miss_stub}
  0x0000022a9f6efb34: 0f85 46eb | 0907 660f | 1f44 0000 
[Verified Entry Point]
  0x0000022a9f6efb40: 8984 2400 | 80ff ff55 | 4881 eca0 | 0000 0090 | 4181 7f20 | 0200 0000 

  0x0000022a9f6efb58: ;   {runtime_call StubRoutines (final stubs)}
  0x0000022a9f6efb58: 7405 e8a1 

  0x0000022a9f6efb5c: ;   {metadata(method data for {method} {0x0000022af662a458} 'defineClass' '(Ljava/lang/String;[BLorg/eclipse/osgi/internal/loader/classpath/ClasspathEntry;)Lorg/eclipse/osgi/internal/loader/ModuleClassLoader$DefineClassResult;' in 'org/eclipse/osgi/internal/loader/ModuleClassLoader')}
  0x0000022a9f6efb5c: dc08 0748 | be70 41c5 | f62a 0200 | 008b 9ecc | 0000 0083 | c302 899e | cc00 0000 | 81e3 fe07 
  0x0000022a9f6efb7c: 0000 85db | 0f84 5304 | 0000 4889 | 7c24 704c | 894c 2468 

  0x0000022a9f6efb90: ;   {metadata(method data for {method} {0x0000022af662a458} 'defineClass' '(Ljava/lang/String;[BLorg/eclipse/osgi/internal/loader/classpath/ClasspathEntry;)Lorg/eclipse/osgi/internal/loader/ModuleClassLoader$DefineClassResult;' in 'org/eclipse/osgi/internal/loader/ModuleClassLoader')}
  0x0000022a9f6efb90: 488b f248 | bb70 41c5 | f62a 0200 | 008b 7608 | 49ba 0000 | 00b3 2a02 | 0000 4903 | f248 3bb3 
  0x0000022a9f6efbb0: 2001 0000 | 750d 4883 | 8328 0100 | 0001 e960 | 0000 0048 | 3bb3 3001 | 0000 750d | 4883 8338 
  0x0000022a9f6efbd0: 0100 0001 | e94a 0000 | 0048 83bb | 2001 0000 | 0075 1748 | 89b3 2001 | 0000 48c7 | 8328 0100 
  0x0000022a9f6efbf0: 0001 0000 | 00e9 2900 | 0000 4883 | bb30 0100 | 0000 7517 | 4889 b330 | 0100 0048 | c783 3801 
  0x0000022a9f6efc10: 0000 0100 | 0000 e908 | 0000 0048 | 8383 1001 

  0x0000022a9f6efc20: ;   {metadata(method data for {method} {0x0000022af662b108} 'getClassLoadingLock' '(Ljava/lang/String;)Ljava/lang/Object;' in 'org/eclipse/osgi/internal/loader/ModuleClassLoader')}
  0x0000022a9f6efc20: 0000 0148 | be48 b383 | f62a 0200 | 008b 9ecc | 0000 0083 | c302 899e | cc00 0000 | 81e3 feff 
  0x0000022a9f6efc40: 1f00 85db | 0f84 b003 | 0000 8b72 | 5048 3b06 

  0x0000022a9f6efc50: ;   {metadata(method data for {method} {0x0000022af662b108} 'getClassLoadingLock' '(Ljava/lang/String;)Ljava/lang/Object;' in 'org/eclipse/osgi/internal/loader/ModuleClassLoader')}
  0x0000022a9f6efc50: 488b de48 | b848 b383 | f62a 0200 | 0048 8380 | 1001 0000 | 0149 8bd8 | 4c8b c348 | 8954 2458 
  0x0000022a9f6efc70: 488b d648 | 895c 2460 | 0f1f 8000 

  0x0000022a9f6efc7c: ;   {optimized virtual_call}
  0x0000022a9f6efc7c: 0000 00e8 

  0x0000022a9f6efc80: ; ImmutableOopMap {[88]=Oop [96]=Oop [104]=Oop [112]=Oop }
                      ;*invokevirtual getLock {reexecute=0 rethrow=0 return_oop=0}
                      ; - org.eclipse.osgi.internal.loader.ModuleClassLoader::getClassLoadingLock@5 (line 437)
                      ; - org.eclipse.osgi.internal.loader.ModuleClassLoader::defineClass@8 (line 312)
  0x0000022a9f6efc80: 7c01 eaff 

  0x0000022a9f6efc84: ;   {other}
  0x0000022a9f6efc84: 0f1f 8400 | 7403 0000 | 4889 4424 | 7848 8d94 | 2480 0000 | 0048 8bf0 | 4889 7208 

  0x0000022a9f6efca0: ; implicit exception: dispatches to 0x0000022a9f6f0020
  0x0000022a9f6efca0: 488b 0648 | 83c8 0148 | 8902 f048 | 0fb1 160f | 8412 0000 | 0048 2bc4 | 4825 07f0 | ffff 4889 
  0x0000022a9f6efcc0: 020f 855e | 0300 0049 | ff87 4805 | 0000 488b 

  0x0000022a9f6efcd0: ;   {metadata(method data for {method} {0x0000022af662a458} 'defineClass' '(Ljava/lang/String;[BLorg/eclipse/osgi/internal/loader/classpath/ClasspathEntry;)Lorg/eclipse/osgi/internal/loader/ModuleClassLoader$DefineClassResult;' in 'org/eclipse/osgi/internal/loader/ModuleClassLoader')}
  0x0000022a9f6efcd0: 5424 5848 | be70 41c5 | f62a 0200 | 0048 8386 | 4801 0000 

  0x0000022a9f6efce4: ;   {metadata(method data for {method} {0x0000022ab3436ca8} 'findLoadedClass' '(Ljava/lang/String;)Ljava/lang/Class;' in 'java/lang/ClassLoader')}
  0x0000022a9f6efce4: 0148 ba70 | 7e27 f62a | 0200 008b | b2cc 0000 | 0083 c602 | 89b2 cc00 | 0000 81e6 | feff 1f00 
  0x0000022a9f6efd04: 85f6 0f84 | 2c03 0000 

  0x0000022a9f6efd0c: ;   {metadata(method data for {method} {0x0000022ab3436ca8} 'findLoadedClass' '(Ljava/lang/String;)Ljava/lang/Class;' in 'java/lang/ClassLoader')}
  0x0000022a9f6efd0c: 48ba 707e | 27f6 2a02 | 0000 4883 | 8210 0100 | 0001 488b | 5424 600f 

  0x0000022a9f6efd24: ;   {static_call}
  0x0000022a9f6efd24: 1f40 00e8 

  0x0000022a9f6efd28: ; ImmutableOopMap {[88]=Oop [96]=Oop [104]=Oop [112]=Oop [120]=Oop [136]=Oop }
                      ;*invokestatic checkName {reexecute=0 rethrow=0 return_oop=0}
                      ; - java.lang.ClassLoader::findLoadedClass@1
                      ; - org.eclipse.osgi.internal.loader.ModuleClassLoader::defineClass@17 (line 313)
  0x0000022a9f6efd28: 1438 6e07 

  0x0000022a9f6efd2c: ;   {other}
  0x0000022a9f6efd2c: 0f1f 8400 | 1c04 0001 

  0x0000022a9f6efd34: ;   {metadata(method data for {method} {0x0000022ab3436ca8} 'findLoadedClass' '(Ljava/lang/String;)Ljava/lang/Class;' in 'java/lang/ClassLoader')}
  0x0000022a9f6efd34: 85c0 49b8 | 707e 27f6 | 2a02 0000 | 48c7 c220 | 0100 0075 | 0748 c7c2 | 3001 0000 | 498b 3410 
  0x0000022a9f6efd54: 488d 7601 | 4989 3410 | 0f85 0f00 

  0x0000022a9f6efd60: ;   {oop(nullptr)}
  0x0000022a9f6efd60: 0000 48be | 0000 0000 | 0000 0000 | e936 0000 | 0048 8b54 

  0x0000022a9f6efd74: ;   {metadata(method data for {method} {0x0000022ab3436ca8} 'findLoadedClass' '(Ljava/lang/String;)Ljava/lang/Class;' in 'java/lang/ClassLoader')}
  0x0000022a9f6efd74: 2458 49b8 | 707e 27f6 | 2a02 0000 | 4983 8040 | 0100 0001 | 4c8b 4424 | 6048 8b54 | 2458 0f1f 
  0x0000022a9f6efd94: ;   {optimized virtual_call}
  0x0000022a9f6efd94: 4400 00e8 

  0x0000022a9f6efd98: ; ImmutableOopMap {[88]=Oop [96]=Oop [104]=Oop [112]=Oop [120]=Oop [136]=Oop }
                      ;*invokevirtual findLoadedClass0 {reexecute=0 rethrow=0 return_oop=0}
                      ; - java.lang.ClassLoader::findLoadedClass@11
                      ; - org.eclipse.osgi.internal.loader.ModuleClassLoader::defineClass@17 (line 313)
  0x0000022a9f6efd98: a491 6107 

  0x0000022a9f6efd9c: ;   {other}
  0x0000022a9f6efd9c: 0f1f 8400 | 8c04 0002 | 488b f048 

  0x0000022a9f6efda8: ;   {metadata(method data for {method} {0x0000022af662a458} 'defineClass' '(Ljava/lang/String;[BLorg/eclipse/osgi/internal/loader/classpath/ClasspathEntry;)Lorg/eclipse/osgi/internal/loader/ModuleClassLoader$DefineClassResult;' in 'org/eclipse/osgi/internal/loader/ModuleClassLoader')}
  0x0000022a9f6efda8: 85f6 49b8 | 7041 c5f6 | 2a02 0000 | 49c7 c190 | 0100 0074 | 0749 c7c1 | 8001 0000 | 4b8b 3c08 
  0x0000022a9f6efdc8: 488d 7f01 | 4b89 3c08 | 0f84 0e00 | 0000 488b | de41 b800 | 0000 00e9 | 6900 0000 | 488b 7c24 
  0x0000022a9f6efde8: 704c 8b4c | 2468 4c8b | 4424 6048 | 8b54 2458 

  0x0000022a9f6efdf8: ; implicit exception: dispatches to 0x0000022a9f6f0059
  0x0000022a9f6efdf8: 418b 710c 

  0x0000022a9f6efdfc: ; implicit exception: dispatches to 0x0000022a9f6f005e
  0x0000022a9f6efdfc: 483b 0748 

  0x0000022a9f6efe00: ;   {metadata(method data for {method} {0x0000022af662a458} 'defineClass' '(Ljava/lang/String;[BLorg/eclipse/osgi/internal/loader/classpath/ClasspathEntry;)Lorg/eclipse/osgi/internal/loader/ModuleClassLoader$DefineClassResult;' in 'org/eclipse/osgi/internal/loader/ModuleClassLoader')}
  0x0000022a9f6efe00: 8bcf 48bb | 7041 c5f6 | 2a02 0000 | 4883 83b8 | 0100 0001 | 8b4f 1048 

  0x0000022a9f6efe18: ;   {metadata(method data for {method} {0x0000022af662a458} 'defineClass' '(Ljava/lang/String;[BLorg/eclipse/osgi/internal/loader/classpath/ClasspathEntry;)Lorg/eclipse/osgi/internal/loader/ModuleClassLoader$DefineClassResult;' in 'org/eclipse/osgi/internal/loader/ModuleClassLoader')}
  0x0000022a9f6efe18: 8bfa 48bb | 7041 c5f6 | 2a02 0000 | 4883 83d8 | 0100 0001 | bf00 0000 | 0066 0f1f 

  0x0000022a9f6efe34: ;   {optimized virtual_call}
  0x0000022a9f6efe34: 4400 00e8 

  0x0000022a9f6efe38: ; ImmutableOopMap {[120]=Oop [136]=Oop }
                      ;*invokevirtual defineClass {reexecute=0 rethrow=0 return_oop=0}
                      ; - org.eclipse.osgi.internal.loader.ModuleClassLoader::defineClass@37 (line 315)
  0x0000022a9f6efe38: 8478 e6ff 

  0x0000022a9f6efe3c: ;   {other}
  0x0000022a9f6efe3c: 0f1f 8400 | 2c05 0003 | 488b d841 | b801 0000 | 0048 8d84 | 2480 0000 | 0048 8b10 | 4885 d20f 
  0x0000022a9f6efe5c: 840f 0000 | 0048 8b70 | 08f0 480f | b116 0f85 | f301 0000 | 49ff 8f48 

  0x0000022a9f6efe74: ;   {metadata(method data for {method} {0x0000022af662a458} 'defineClass' '(Ljava/lang/String;[BLorg/eclipse/osgi/internal/loader/classpath/ClasspathEntry;)Lorg/eclipse/osgi/internal/loader/ModuleClassLoader$DefineClassResult;' in 'org/eclipse/osgi/internal/loader/ModuleClassLoader')}
  0x0000022a9f6efe74: 0500 0048 | ba70 41c5 | f62a 0200 | 00ff 8210 

  0x0000022a9f6efe84: ;   {metadata('org/eclipse/osgi/internal/loader/ModuleClassLoader$DefineClassResult')}
  0x0000022a9f6efe84: 0200 0048 | ba70 9311 | b42a 0200 | 0049 8b87 | b801 0000 | 488d 7818 | 493b bfc8 | 0100 000f 
  0x0000022a9f6efea4: 87d0 0100 | 0049 89bf | b801 0000 | 48c7 0001 | 0000 0048 | 8bca 49ba | 0000 00b3 | 2a02 0000 
  0x0000022a9f6efec4: 492b ca89 | 4808 4833 | c989 480c | 4833 c948 | 8948 1048 

  0x0000022a9f6efed8: ;   {metadata(method data for {method} {0x0000022af662a458} 'defineClass' '(Ljava/lang/String;[BLorg/eclipse/osgi/internal/loader/classpath/ClasspathEntry;)Lorg/eclipse/osgi/internal/loader/ModuleClassLoader$DefineClassResult;' in 'org/eclipse/osgi/internal/loader/ModuleClassLoader')}
  0x0000022a9f6efed8: 8bf0 48bf | 7041 c5f6 | 2a02 0000 | 4883 8728 | 0200 0001 

  0x0000022a9f6efeec: ;   {metadata(method data for {method} {0x0000022af6741c80} '<init>' '(Ljava/lang/Class;Z)V' in 'org/eclipse/osgi/internal/loader/ModuleClassLoader$DefineClassResult')}
  0x0000022a9f6efeec: 48be 281b | c9f6 2a02 | 0000 8bbe | cc00 0000 | 83c7 0289 | becc 0000 | 0081 e7fe | ff1f 0085 
  0x0000022a9f6eff0c: ff0f 8473 | 0100 0048 

  0x0000022a9f6eff14: ;   {metadata(method data for {method} {0x0000022af6741c80} '<init>' '(Ljava/lang/Class;Z)V' in 'org/eclipse/osgi/internal/loader/ModuleClassLoader$DefineClassResult')}
  0x0000022a9f6eff14: 8bf0 48bf | 281b c9f6 | 2a02 0000 | 4883 8710 | 0100 0001 

  0x0000022a9f6eff28: ;   {metadata(method data for {method} {0x0000022ab3476568} '<init>' '()V' in 'java/lang/Object')}
  0x0000022a9f6eff28: 48be e07d | 00f6 2a02 | 0000 8bbe | cc00 0000 | 83c7 0289 | becc 0000 | 0081 e7fe | ff1f 0085 
  0x0000022a9f6eff48: ff0f 8458 | 0100 004c | 8bd3 4489 | 5010 488d | 3048 c1ee | 0948 bf00 | 005b 9b2a | 0200 00c6 
  0x0000022a9f6eff68: 043e 0041 | 83e0 0144 | 8840 0c48 | 81c4 a000 

  0x0000022a9f6eff78: ;   {poll_return}
  0x0000022a9f6eff78: 0000 5d49 | 3ba7 4804 | 0000 0f87 | 4001 0000 | c349 8b87 | f804 0000 | 4d33 d24d | 8997 f804 
  0x0000022a9f6eff98: 0000 4d33 | d24d 8997 | 0005 0000 | 488b f048 | 8d84 2480 | 0000 0048 | 8b38 4885 | ff0f 840f 
  0x0000022a9f6effb8: 0000 0048 | 8b58 08f0 | 480f b13b | 0f85 1401 | 0000 49ff | 8f48 0500 | 0048 8bc6 | e938 0100 
  0x0000022a9f6effd8: ;   {metadata({method} {0x0000022af662a458} 'defineClass' '(Ljava/lang/String;[BLorg/eclipse/osgi/internal/loader/classpath/ClasspathEntry;)Lorg/eclipse/osgi/internal/loader/ModuleClassLoader$DefineClassResult;' in 'org/eclipse/osgi/internal/loader/ModuleClassLoader')}
  0x0000022a9f6effd8: 0049 ba50 | a462 f62a | 0200 004c | 8954 2408 | 48c7 0424 | ffff ffff 

  0x0000022a9f6efff0: ;   {runtime_call counter_overflow Runtime1 stub}
  0x0000022a9f6efff0: e88b 4915 

  0x0000022a9f6efff4: ; ImmutableOopMap {rdx=Oop r8=Oop r9=Oop rdi=Oop }
                      ;*synchronization entry
                      ; - org.eclipse.osgi.internal.loader.ModuleClassLoader::defineClass@-1 (line 310)
  0x0000022a9f6efff4: 07e9 8cfb 

  0x0000022a9f6efff8: ;   {metadata({method} {0x0000022af662b108} 'getClassLoadingLock' '(Ljava/lang/String;)Ljava/lang/Object;' in 'org/eclipse/osgi/internal/loader/ModuleClassLoader')}
  0x0000022a9f6efff8: ffff 49ba | 00b1 62f6 | 2a02 0000 | 4c89 5424 | 0848 c704 | 24ff ffff 

  0x0000022a9f6f0010: ;   {runtime_call counter_overflow Runtime1 stub}
  0x0000022a9f6f0010: ffe8 6a49 

  0x0000022a9f6f0014: ; ImmutableOopMap {rdx=Oop r8=Oop [104]=Oop [112]=Oop }
                      ;*synchronization entry
                      ; - org.eclipse.osgi.internal.loader.ModuleClassLoader::getClassLoadingLock@-1 (line 437)
                      ; - org.eclipse.osgi.internal.loader.ModuleClassLoader::defineClass@8 (line 312)
  0x0000022a9f6f0014: 1507 e92f 

  0x0000022a9f6f0018: ;   {runtime_call throw_null_pointer_exception Runtime1 stub}
  0x0000022a9f6f0018: fcff ffe8 

  0x0000022a9f6f001c: ; ImmutableOopMap {rdx=Oop r8=Oop rsi=Oop [104]=Oop [112]=Oop }
                      ;*invokevirtual getLock {reexecute=0 rethrow=0 return_oop=0}
                      ; - org.eclipse.osgi.internal.loader.ModuleClassLoader::getClassLoadingLock@5 (line 437)
                      ; - org.eclipse.osgi.internal.loader.ModuleClassLoader::defineClass@8 (line 312)
  0x0000022a9f6f001c: 00e7 1407 

  0x0000022a9f6f0020: ;   {runtime_call throw_null_pointer_exception Runtime1 stub}
  0x0000022a9f6f0020: e8fb e614 

  0x0000022a9f6f0024: ; ImmutableOopMap {rsi=Oop [88]=Oop [96]=Oop [104]=Oop [112]=Oop [120]=Oop }
                      ;*monitorenter {reexecute=0 rethrow=0 return_oop=0}
                      ; - org.eclipse.osgi.internal.loader.ModuleClassLoader::defineClass@14 (line 312)
  0x0000022a9f6f0024: 0748 8974 | 2408 4889 

  0x0000022a9f6f002c: ;   {runtime_call monitorenter_nofpu Runtime1 stub}
  0x0000022a9f6f002c: 1424 e84d 

  0x0000022a9f6f0030: ; ImmutableOopMap {rsi=Oop [88]=Oop [96]=Oop [104]=Oop [112]=Oop [120]=Oop [136]=Oop }
                      ;*monitorenter {reexecute=0 rethrow=0 return_oop=0}
                      ; - org.eclipse.osgi.internal.loader.ModuleClassLoader::defineClass@14 (line 312)
  0x0000022a9f6f0030: 1f15 07e9 | 96fc ffff 

  0x0000022a9f6f0038: ;   {metadata({method} {0x0000022ab3436ca8} 'findLoadedClass' '(Ljava/lang/String;)Ljava/lang/Class;' in 'java/lang/ClassLoader')}
  0x0000022a9f6f0038: 49ba a06c | 43b3 2a02 | 0000 4c89 | 5424 0848 | c704 24ff 

  0x0000022a9f6f004c: ;   {runtime_call counter_overflow Runtime1 stub}
  0x0000022a9f6f004c: ffff ffe8 

  0x0000022a9f6f0050: ; ImmutableOopMap {[88]=Oop [96]=Oop [104]=Oop [112]=Oop [120]=Oop [136]=Oop }
                      ;*synchronization entry
                      ; - java.lang.ClassLoader::findLoadedClass@-1
                      ; - org.eclipse.osgi.internal.loader.ModuleClassLoader::defineClass@17 (line 313)
  0x0000022a9f6f0050: 2c49 1507 | e9b3 fcff 

  0x0000022a9f6f0058: ;   {runtime_call throw_null_pointer_exception Runtime1 stub}
  0x0000022a9f6f0058: ffe8 c2e6 

  0x0000022a9f6f005c: ; ImmutableOopMap {rdx=Oop r8=Oop r9=Oop rdi=Oop [120]=Oop [136]=Oop }
                      ;*arraylength {reexecute=0 rethrow=0 return_oop=0}
                      ; - org.eclipse.osgi.internal.loader.ModuleClassLoader::defineClass@32 (line 315)
                      ;   {runtime_call throw_null_pointer_exception Runtime1 stub}
  0x0000022a9f6f005c: 1407 e8bd 

  0x0000022a9f6f0060: ; ImmutableOopMap {rdx=Oop r8=Oop r9=Oop rdi=Oop [120]=Oop [136]=Oop }
                      ;*invokevirtual getDomain {reexecute=0 rethrow=0 return_oop=0}
                      ; - org.eclipse.osgi.internal.loader.ModuleClassLoader::defineClass@34 (line 315)
  0x0000022a9f6f0060: e614 0748 | 8d84 2480 | 0000 0048 

  0x0000022a9f6f006c: ;   {runtime_call monitorexit_nofpu Runtime1 stub}
  0x0000022a9f6f006c: 8904 24e8 | 8c25 1507 | e9fe fdff | ff48 8bd2 

  0x0000022a9f6f007c: ;   {runtime_call fast_new_instance Runtime1 stub}
  0x0000022a9f6f007c: e87f f114 

  0x0000022a9f6f0080: ; ImmutableOopMap {rbx=Oop }
                      ;*new {reexecute=0 rethrow=0 return_oop=0}
                      ; - org.eclipse.osgi.internal.loader.ModuleClassLoader::defineClass@55 (line 319)
  0x0000022a9f6f0080: 07e9 51fe 

  0x0000022a9f6f0084: ;   {metadata({method} {0x0000022af6741c80} '<init>' '(Ljava/lang/Class;Z)V' in 'org/eclipse/osgi/internal/loader/ModuleClassLoader$DefineClassResult')}
  0x0000022a9f6f0084: ffff 49ba | 781c 74f6 | 2a02 0000 | 4c89 5424 | 0848 c704 | 24ff ffff 

  0x0000022a9f6f009c: ;   {runtime_call counter_overflow Runtime1 stub}
  0x0000022a9f6f009c: ffe8 de48 

  0x0000022a9f6f00a0: ; ImmutableOopMap {rbx=Oop rax=Oop }
                      ;*synchronization entry
                      ; - org.eclipse.osgi.internal.loader.ModuleClassLoader$DefineClassResult::<init>@-1 (line 96)
                      ; - org.eclipse.osgi.internal.loader.ModuleClassLoader::defineClass@63 (line 319)
  0x0000022a9f6f00a0: 1507 e96c 

  0x0000022a9f6f00a4: ;   {metadata({method} {0x0000022ab3476568} '<init>' '()V' in 'java/lang/Object')}
  0x0000022a9f6f00a4: feff ff49 | ba60 6547 | b32a 0200 | 004c 8954 | 2408 48c7 | 0424 ffff 

  0x0000022a9f6f00bc: ;   {runtime_call counter_overflow Runtime1 stub}
  0x0000022a9f6f00bc: ffff e8bd 

  0x0000022a9f6f00c0: ; ImmutableOopMap {rbx=Oop rax=Oop }
                      ;*synchronization entry
                      ; - java.lang.Object::<init>@-1
                      ; - org.eclipse.osgi.internal.loader.ModuleClassLoader$DefineClassResult::<init>@1 (line 96)
                      ; - org.eclipse.osgi.internal.loader.ModuleClassLoader::defineClass@63 (line 319)
  0x0000022a9f6f00c0: 4815 07e9 | 87fe ffff 

  0x0000022a9f6f00c8: ;   {internal_word}
  0x0000022a9f6f00c8: 49ba 7bff | 6e9f 2a02 | 0000 4d89 | 9760 0400 

  0x0000022a9f6f00d8: ;   {runtime_call SafepointBlob}
  0x0000022a9f6f00d8: 00e9 a25a | 0a07 488d | 8424 8000 | 0000 4889 

  0x0000022a9f6f00e8: ;   {runtime_call monitorexit_nofpu Runtime1 stub}
  0x0000022a9f6f00e8: 0424 e811 | 2515 07e9 | ddfe ffff | 498b 87f8 | 0400 0049 | c787 f804 | 0000 0000 | 0000 49c7 
  0x0000022a9f6f0108: 8700 0500 | 0000 0000 | 0048 81c4 | a000 0000 

  0x0000022a9f6f0118: ;   {runtime_call unwind_exception Runtime1 stub}
  0x0000022a9f6f0118: 5de9 e2d6 | 1407 f4f4 
[Stub Code]
  0x0000022a9f6f0120: ;   {no_reloc}
  0x0000022a9f6f0120: 48bb 0000 | 0000 0000 

  0x0000022a9f6f0128: ;   {runtime_call nmethod}
  0x0000022a9f6f0128: 0000 e9fb 

  0x0000022a9f6f012c: ;   {static_stub}
  0x0000022a9f6f012c: ffff ff48 | bb00 0000 | 0000 0000 

  0x0000022a9f6f0138: ;   {runtime_call nmethod}
  0x0000022a9f6f0138: 00e9 fbff 

  0x0000022a9f6f013c: ;   {static_stub}
  0x0000022a9f6f013c: ffff 48bb | 0000 0000 | 0000 0000 

  0x0000022a9f6f0148: ;   {runtime_call nmethod}
  0x0000022a9f6f0148: e9fb ffff 

  0x0000022a9f6f014c: ;   {static_stub}
  0x0000022a9f6f014c: ff48 bb00 | 0000 0000 

  0x0000022a9f6f0154: ;   {runtime_call nmethod}
  0x0000022a9f6f0154: 0000 00e9 | fbff ffff 
[Exception Handler]
  0x0000022a9f6f015c: ;   {runtime_call handle_exception_from_callee Runtime1 stub}
  0x0000022a9f6f015c: e89f 0b15 

  0x0000022a9f6f0160: ;   {external_word}
  0x0000022a9f6f0160: 0748 b920 | 53de edfa | 7f00 0048 

  0x0000022a9f6f016c: ;   {runtime_call}
  0x0000022a9f6f016c: 83e4 f048 | b890 b7a0 | edfa 7f00 | 00ff d0f4 
[Deopt Handler Code]
  0x0000022a9f6f017c: ;   {section_word}
  0x0000022a9f6f017c: 49ba 7c01 | 6f9f 2a02 | 0000 4152 

  0x0000022a9f6f0188: ;   {runtime_call DeoptimizationBlob}
  0x0000022a9f6f0188: e993 6e0a | 07f4 f4f4 
[/MachCode]


---------------  P R O C E S S  ---------------

Threads class SMR info:
_java_thread_list=0x0000022afded6c20, length=19, elements={
0x0000022a9bfff570, 0x0000022ab2aafc40, 0x0000022ab2ab1550, 0x0000022ab2ab2260,
0x0000022ab2ab3e20, 0x0000022ab2ab4870, 0x0000022ab2ab52c0, 0x0000022ab2ab7560,
0x0000022af5ae1840, 0x0000022af5ce9b80, 0x0000022af5e2e890, 0x0000022afda10d00,
0x0000022afd604e10, 0x0000022afd6a3e40, 0x0000022afd7001d0, 0x0000022afd68dd00,
0x0000022afde083b0, 0x0000022afde0a980, 0x0000022afde09a50
}

Java Threads: ( => current thread )
  0x0000022a9bfff570 JavaThread "main"                              [_thread_blocked, id=9740, stack(0x000000ac3f700000,0x000000ac3f800000) (1024K)]
  0x0000022ab2aafc40 JavaThread "Reference Handler"          daemon [_thread_blocked, id=2944, stack(0x000000ac3fb00000,0x000000ac3fc00000) (1024K)]
  0x0000022ab2ab1550 JavaThread "Finalizer"                  daemon [_thread_blocked, id=17456, stack(0x000000ac3fc00000,0x000000ac3fd00000) (1024K)]
  0x0000022ab2ab2260 JavaThread "Signal Dispatcher"          daemon [_thread_blocked, id=9044, stack(0x000000ac3fd00000,0x000000ac3fe00000) (1024K)]
  0x0000022ab2ab3e20 JavaThread "Attach Listener"            daemon [_thread_blocked, id=1720, stack(0x000000ac3fe00000,0x000000ac3ff00000) (1024K)]
  0x0000022ab2ab4870 JavaThread "Service Thread"             daemon [_thread_blocked, id=2852, stack(0x000000ac3ff00000,0x000000ac40000000) (1024K)]
  0x0000022ab2ab52c0 JavaThread "Monitor Deflation Thread"   daemon [_thread_blocked, id=15504, stack(0x000000ac40000000,0x000000ac40100000) (1024K)]
  0x0000022ab2ab7560 JavaThread "C2 CompilerThread0"         daemon [_thread_in_native, id=8748, stack(0x000000ac40100000,0x000000ac40200000) (1024K)]
  0x0000022af5ae1840 JavaThread "C1 CompilerThread0"         daemon [_thread_blocked, id=4660, stack(0x000000ac40200000,0x000000ac40300000) (1024K)]
  0x0000022af5ce9b80 JavaThread "Common-Cleaner"             daemon [_thread_blocked, id=8704, stack(0x000000ac40300000,0x000000ac40400000) (1024K)]
  0x0000022af5e2e890 JavaThread "Notification Thread"        daemon [_thread_blocked, id=14292, stack(0x000000ac40400000,0x000000ac40500000) (1024K)]
  0x0000022afda10d00 JavaThread "Active Thread: Equinox Container: a2af707a-dacf-4ca1-98dc-4ffc825fe62b"        [_thread_blocked, id=14340, stack(0x000000ac40600000,0x000000ac40700000) (1024K)]
  0x0000022afd604e10 JavaThread "Framework Event Dispatcher: Equinox Container: a2af707a-dacf-4ca1-98dc-4ffc825fe62b" daemon [_thread_blocked, id=10384, stack(0x000000ac40d00000,0x000000ac40e00000) (1024K)]
=>0x0000022afd6a3e40 JavaThread "Start Level: Equinox Container: a2af707a-dacf-4ca1-98dc-4ffc825fe62b" daemon [_thread_in_vm, id=17696, stack(0x000000ac40f00000,0x000000ac41000000) (1024K)]
  0x0000022afd7001d0 JavaThread "SCR Component Actor"        daemon [_thread_blocked, id=10528, stack(0x000000ac41000000,0x000000ac41100000) (1024K)]
  0x0000022afd68dd00 JavaThread "Worker-JM"                         [_thread_blocked, id=10936, stack(0x000000ac41100000,0x000000ac41200000) (1024K)]
  0x0000022afde083b0 JavaThread "JNA Cleaner"                daemon [_thread_blocked, id=15712, stack(0x000000ac40500000,0x000000ac40600000) (1024K)]
  0x0000022afde0a980 JavaThread "Worker-0"                          [_thread_blocked, id=11308, stack(0x000000ac41400000,0x000000ac41500000) (1024K)]
  0x0000022afde09a50 JavaThread "Worker-1"                          [_thread_blocked, id=19536, stack(0x000000ac41500000,0x000000ac41600000) (1024K)]
Total: 19

Other Threads:
  0x0000022ab2aa30b0 VMThread "VM Thread"                           [id=6768, stack(0x000000ac3fa00000,0x000000ac3fb00000) (1024K)]
  0x0000022ab299c950 WatcherThread "VM Periodic Task Thread"        [id=14456, stack(0x000000ac3f900000,0x000000ac3fa00000) (1024K)]
  0x0000022a9c01e760 WorkerThread "GC Thread#0"                     [id=20736, stack(0x000000ac3f800000,0x000000ac3f900000) (1024K)]
  0x0000022afd90c280 WorkerThread "GC Thread#1"                     [id=13032, stack(0x000000ac40700000,0x000000ac40800000) (1024K)]
  0x0000022afd4d0470 WorkerThread "GC Thread#2"                     [id=4140, stack(0x000000ac40800000,0x000000ac40900000) (1024K)]
  0x0000022afd4d0810 WorkerThread "GC Thread#3"                     [id=19748, stack(0x000000ac40900000,0x000000ac40a00000) (1024K)]
  0x0000022afd5e7ea0 WorkerThread "GC Thread#4"                     [id=11008, stack(0x000000ac40a00000,0x000000ac40b00000) (1024K)]
  0x0000022afd5e8240 WorkerThread "GC Thread#5"                     [id=20776, stack(0x000000ac40b00000,0x000000ac40c00000) (1024K)]
  0x0000022afd5e85e0 WorkerThread "GC Thread#6"                     [id=2384, stack(0x000000ac40c00000,0x000000ac40d00000) (1024K)]
  0x0000022afd605470 WorkerThread "GC Thread#7"                     [id=12024, stack(0x000000ac40e00000,0x000000ac40f00000) (1024K)]
  0x0000022afdacca30 WorkerThread "GC Thread#8"                     [id=5232, stack(0x000000ac41200000,0x000000ac41300000) (1024K)]
  0x0000022afd690b50 WorkerThread "GC Thread#9"                     [id=1728, stack(0x000000ac41300000,0x000000ac41400000) (1024K)]
Total: 12

Threads with active compile tasks:
C2 CompilerThread0  4489 2856       4       org.lombokweb.asm.ClassReader::readMethod (1070 bytes)
Total: 1

VM state: not at safepoint (normal execution)

VM Mutex/Monitor currently owned by a thread: None

Heap address: 0x0000000080000000, size: 2048 MB, Compressed Oops mode: 32-bit

CDS archive(s) mapped at: [0x0000022ab3000000-0x0000022ab3ba0000-0x0000022ab3ba0000), size 12189696, SharedBaseAddress: 0x0000022ab3000000, ArchiveRelocationMode: 1.
Compressed class space mapped at: 0x0000022ab4000000-0x0000022af4000000, reserved size: 1073741824
Narrow klass base: 0x0000022ab3000000, Narrow klass shift: 0, Narrow klass range: 0x100000000

GC Precious Log:
 CardTable entry size: 512
 CPUs: 12 total, 12 available
 Memory: 7963M
 Large Page Support: Disabled
 NUMA Support: Disabled
 Compressed Oops: Enabled (32-bit)
 Alignments: Space 512K, Generation 512K, Heap 2M
 Heap Min Capacity: 100M
 Heap Initial Capacity: 100M
 Heap Max Capacity: 2G
 Pre-touch: Disabled
 Parallel Workers: 10

Heap:
 PSYoungGen      total 29696K, used 4168K [0x00000000d5580000, 0x00000000d7800000, 0x0000000100000000)
  eden space 25088K, 16% used [0x00000000d5580000,0x00000000d5992028,0x00000000d6e00000)
  from space 4608K, 0% used [0x00000000d7380000,0x00000000d7380000,0x00000000d7800000)
  to   space 4608K, 0% used [0x00000000d6f00000,0x00000000d6f00000,0x00000000d7380000)
 ParOldGen       total 68608K, used 8935K [0x0000000080000000, 0x0000000084300000, 0x00000000d5580000)
  object space 68608K, 13% used [0x0000000080000000,0x00000000808b9fd0,0x0000000084300000)
 Metaspace       used 20877K, committed 21568K, reserved 1114112K
  class space    used 2076K, committed 2368K, reserved 1048576K

Card table byte_map: [0x0000022a9b9b0000,0x0000022a9bdc0000] _byte_map_base: 0x0000022a9b5b0000

Marking Bits: (ParMarkBitMap*) 0x00007ffaee0a2460
 Begin Bits: [0x0000022aae4c0000, 0x0000022ab04c0000)
 End Bits:   [0x0000022ab04c0000, 0x0000022ab24c0000)

Polling page: 0x0000022a99c50000

Metaspace:

Usage:
  Non-class:     18.36 MB used.
      Class:      2.03 MB used.
       Both:     20.39 MB used.

Virtual space:
  Non-class space:       64.00 MB reserved,      18.75 MB ( 29%) committed,  1 nodes.
      Class space:        1.00 GB reserved,       2.31 MB ( <1%) committed,  1 nodes.
             Both:        1.06 GB reserved,      21.06 MB (  2%) committed. 

Chunk freelists:
   Non-Class:  13.22 MB
       Class:  13.52 MB
        Both:  26.75 MB

MaxMetaspaceSize: unlimited
CompressedClassSpaceSize: 1.00 GB
Initial GC threshold: 21.00 MB
Current GC threshold: 35.00 MB
CDS: on
 - commit_granule_bytes: 65536.
 - commit_granule_words: 8192.
 - virtual_space_node_default_size: 8388608.
 - enlarge_chunks_in_place: 1.
 - use_allocation_guard: 0.


Internal statistics:

num_allocs_failed_limit: 3.
num_arena_births: 526.
num_arena_deaths: 14.
num_vsnodes_births: 2.
num_vsnodes_deaths: 0.
num_space_committed: 337.
num_space_uncommitted: 0.
num_chunks_returned_to_freelist: 17.
num_chunks_taken_from_freelist: 1306.
num_chunk_merges: 7.
num_chunk_splits: 849.
num_chunks_enlarged: 550.
num_inconsistent_stats: 0.

CodeHeap 'non-profiled nmethods': size=120000Kb used=1295Kb max_used=1295Kb free=118704Kb
 bounds [0x0000022aa6ce0000, 0x0000022aa6f50000, 0x0000022aae210000]
CodeHeap 'profiled nmethods': size=120000Kb used=5504Kb max_used=5504Kb free=114495Kb
 bounds [0x0000022a9f210000, 0x0000022a9f780000, 0x0000022aa6740000]
CodeHeap 'non-nmethods': size=5760Kb used=1321Kb max_used=1329Kb free=4438Kb
 bounds [0x0000022aa6740000, 0x0000022aa69b0000, 0x0000022aa6ce0000]
CodeCache: size=245760Kb, used=8120Kb, max_used=8128Kb, free=237637Kb
 total_blobs=3467, nmethods=2866, adapters=507, full_count=0
Compilation: enabled, stopped_count=0, restarted_count=0

Compilation events (20 events):
Event: 4.331 Thread 0x0000022af5ae1840 2858       3       org.lombokweb.asm.Label::addForwardReference (102 bytes)
Event: 4.331 Thread 0x0000022af5ae1840 nmethod 2858 0x0000022a9f767690 code [0x0000022a9f767860, 0x0000022a9f767cc0]
Event: 4.332 Thread 0x0000022af5ae1840 2859       1       lombok.patcher.MethodLogistics::getReturnOpcode (5 bytes)
Event: 4.332 Thread 0x0000022af5ae1840 nmethod 2859 0x0000022aa6e23a90 code [0x0000022aa6e23c20, 0x0000022aa6e23ce8]
Event: 4.332 Thread 0x0000022af5ae1840 2857       3       java.util.regex.Pattern$BranchConn::match (11 bytes)
Event: 4.332 Thread 0x0000022af5ae1840 nmethod 2857 0x0000022a9f767e90 code [0x0000022a9f768040, 0x0000022a9f768218]
Event: 4.398 Thread 0x0000022af5ae1840 2862       3       org.lombokweb.asm.SymbolTable::hash (14 bytes)
Event: 4.398 Thread 0x0000022af5ae1840 nmethod 2862 0x0000022a9f768310 code [0x0000022a9f7684a0, 0x0000022a9f7685a8]
Event: 4.401 Thread 0x0000022af5ae1840 2864       3       org.lombokweb.asm.MethodWriter::visitFrame (811 bytes)
Event: 4.403 Thread 0x0000022af5ae1840 nmethod 2864 0x0000022a9f768610 code [0x0000022a9f768b40, 0x0000022a9f76ad90]
Event: 4.403 Thread 0x0000022af5ae1840 2866       3       org.lombokweb.asm.ClassReader::readStackMapFrame (535 bytes)
Event: 4.404 Thread 0x0000022af5ae1840 nmethod 2866 0x0000022a9f76bc90 code [0x0000022a9f76bf40, 0x0000022a9f76cf10]
Event: 4.404 Thread 0x0000022af5ae1840 2867       3       org.lombokweb.asm.SymbolTable::addConstantMethodref (24 bytes)
Event: 4.404 Thread 0x0000022af5ae1840 nmethod 2867 0x0000022a9f76d510 code [0x0000022a9f76d6c0, 0x0000022a9f76d860]
Event: 4.404 Thread 0x0000022af5ae1840 2865       3       org.lombokweb.asm.Label::put (83 bytes)
Event: 4.404 Thread 0x0000022af5ae1840 nmethod 2865 0x0000022a9f76d910 code [0x0000022a9f76db40, 0x0000022a9f76df70]
Event: 4.404 Thread 0x0000022af5ae1840 2868       3       org.lombokweb.asm.MethodWriter::visitJumpInsn (495 bytes)
Event: 4.405 Thread 0x0000022af5ae1840 nmethod 2868 0x0000022a9f76e110 code [0x0000022a9f76e460, 0x0000022a9f76f468]
Event: 4.406 Thread 0x0000022af5ae1840 2869       3       org.lombokweb.asm.ByteVector::putByteArray (49 bytes)
Event: 4.407 Thread 0x0000022af5ae1840 nmethod 2869 0x0000022a9f76fa90 code [0x0000022a9f76fc60, 0x0000022a9f76ff28]

GC Heap History (14 events):
Event: 1.008 GC heap before
{Heap before GC invocations=1 (full 0):
 PSYoungGen      total 29696K, used 25600K [0x00000000d5580000, 0x00000000d7680000, 0x0000000100000000)
  eden space 25600K, 100% used [0x00000000d5580000,0x00000000d6e80000,0x00000000d6e80000)
  from space 4096K, 0% used [0x00000000d7280000,0x00000000d7280000,0x00000000d7680000)
  to   space 4096K, 0% used [0x00000000d6e80000,0x00000000d6e80000,0x00000000d7280000)
 ParOldGen       total 68608K, used 0K [0x0000000080000000, 0x0000000084300000, 0x00000000d5580000)
  object space 68608K, 0% used [0x0000000080000000,0x0000000080000000,0x0000000084300000)
 Metaspace       used 4467K, committed 4672K, reserved 1114112K
  class space    used 497K, committed 576K, reserved 1048576K
}
Event: 1.020 GC heap after
{Heap after GC invocations=1 (full 0):
 PSYoungGen      total 29696K, used 4068K [0x00000000d5580000, 0x00000000d7680000, 0x0000000100000000)
  eden space 25600K, 0% used [0x00000000d5580000,0x00000000d5580000,0x00000000d6e80000)
  from space 4096K, 99% used [0x00000000d6e80000,0x00000000d72792a8,0x00000000d7280000)
  to   space 4096K, 0% used [0x00000000d7280000,0x00000000d7280000,0x00000000d7680000)
 ParOldGen       total 68608K, used 8K [0x0000000080000000, 0x0000000084300000, 0x00000000d5580000)
  object space 68608K, 0% used [0x0000000080000000,0x0000000080002000,0x0000000084300000)
 Metaspace       used 4467K, committed 4672K, reserved 1114112K
  class space    used 497K, committed 576K, reserved 1048576K
}
Event: 2.089 GC heap before
{Heap before GC invocations=2 (full 0):
 PSYoungGen      total 29696K, used 29668K [0x00000000d5580000, 0x00000000d7680000, 0x0000000100000000)
  eden space 25600K, 100% used [0x00000000d5580000,0x00000000d6e80000,0x00000000d6e80000)
  from space 4096K, 99% used [0x00000000d6e80000,0x00000000d72792a8,0x00000000d7280000)
  to   space 4096K, 0% used [0x00000000d7280000,0x00000000d7280000,0x00000000d7680000)
 ParOldGen       total 68608K, used 8K [0x0000000080000000, 0x0000000084300000, 0x00000000d5580000)
  object space 68608K, 0% used [0x0000000080000000,0x0000000080002000,0x0000000084300000)
 Metaspace       used 8129K, committed 8448K, reserved 1114112K
  class space    used 855K, committed 1024K, reserved 1048576K
}
Event: 2.096 GC heap after
{Heap after GC invocations=2 (full 0):
 PSYoungGen      total 29696K, used 4070K [0x00000000d5580000, 0x00000000d7680000, 0x0000000100000000)
  eden space 25600K, 0% used [0x00000000d5580000,0x00000000d5580000,0x00000000d6e80000)
  from space 4096K, 99% used [0x00000000d7280000,0x00000000d7679800,0x00000000d7680000)
  to   space 4096K, 0% used [0x00000000d6e80000,0x00000000d6e80000,0x00000000d7280000)
 ParOldGen       total 68608K, used 956K [0x0000000080000000, 0x0000000084300000, 0x00000000d5580000)
  object space 68608K, 1% used [0x0000000080000000,0x00000000800ef180,0x0000000084300000)
 Metaspace       used 8129K, committed 8448K, reserved 1114112K
  class space    used 855K, committed 1024K, reserved 1048576K
}
Event: 2.694 GC heap before
{Heap before GC invocations=3 (full 0):
 PSYoungGen      total 29696K, used 29670K [0x00000000d5580000, 0x00000000d7680000, 0x0000000100000000)
  eden space 25600K, 100% used [0x00000000d5580000,0x00000000d6e80000,0x00000000d6e80000)
  from space 4096K, 99% used [0x00000000d7280000,0x00000000d7679800,0x00000000d7680000)
  to   space 4096K, 0% used [0x00000000d6e80000,0x00000000d6e80000,0x00000000d7280000)
 ParOldGen       total 68608K, used 956K [0x0000000080000000, 0x0000000084300000, 0x00000000d5580000)
  object space 68608K, 1% used [0x0000000080000000,0x00000000800ef180,0x0000000084300000)
 Metaspace       used 12863K, committed 13376K, reserved 1114112K
  class space    used 1372K, committed 1600K, reserved 1048576K
}
Event: 2.700 GC heap after
{Heap after GC invocations=3 (full 0):
 PSYoungGen      total 29696K, used 4064K [0x00000000d5580000, 0x00000000d7680000, 0x0000000100000000)
  eden space 25600K, 0% used [0x00000000d5580000,0x00000000d5580000,0x00000000d6e80000)
  from space 4096K, 99% used [0x00000000d6e80000,0x00000000d72782b8,0x00000000d7280000)
  to   space 4096K, 0% used [0x00000000d7280000,0x00000000d7280000,0x00000000d7680000)
 ParOldGen       total 68608K, used 2711K [0x0000000080000000, 0x0000000084300000, 0x00000000d5580000)
  object space 68608K, 3% used [0x0000000080000000,0x00000000802a5ca0,0x0000000084300000)
 Metaspace       used 12863K, committed 13376K, reserved 1114112K
  class space    used 1372K, committed 1600K, reserved 1048576K
}
Event: 3.724 GC heap before
{Heap before GC invocations=4 (full 0):
 PSYoungGen      total 29696K, used 29664K [0x00000000d5580000, 0x00000000d7680000, 0x0000000100000000)
  eden space 25600K, 100% used [0x00000000d5580000,0x00000000d6e80000,0x00000000d6e80000)
  from space 4096K, 99% used [0x00000000d6e80000,0x00000000d72782b8,0x00000000d7280000)
  to   space 4096K, 0% used [0x00000000d7280000,0x00000000d7280000,0x00000000d7680000)
 ParOldGen       total 68608K, used 2711K [0x0000000080000000, 0x0000000084300000, 0x00000000d5580000)
  object space 68608K, 3% used [0x0000000080000000,0x00000000802a5ca0,0x0000000084300000)
 Metaspace       used 16790K, committed 17472K, reserved 1114112K
  class space    used 1773K, committed 2048K, reserved 1048576K
}
Event: 3.729 GC heap after
{Heap after GC invocations=4 (full 0):
 PSYoungGen      total 29696K, used 4077K [0x00000000d5580000, 0x00000000d7680000, 0x0000000100000000)
  eden space 25600K, 0% used [0x00000000d5580000,0x00000000d5580000,0x00000000d6e80000)
  from space 4096K, 99% used [0x00000000d7280000,0x00000000d767b6b8,0x00000000d7680000)
  to   space 4096K, 0% used [0x00000000d6e80000,0x00000000d6e80000,0x00000000d7280000)
 ParOldGen       total 68608K, used 4888K [0x0000000080000000, 0x0000000084300000, 0x00000000d5580000)
  object space 68608K, 7% used [0x0000000080000000,0x00000000804c6330,0x0000000084300000)
 Metaspace       used 16790K, committed 17472K, reserved 1114112K
  class space    used 1773K, committed 2048K, reserved 1048576K
}
Event: 4.256 GC heap before
{Heap before GC invocations=5 (full 0):
 PSYoungGen      total 29696K, used 29677K [0x00000000d5580000, 0x00000000d7680000, 0x0000000100000000)
  eden space 25600K, 100% used [0x00000000d5580000,0x00000000d6e80000,0x00000000d6e80000)
  from space 4096K, 99% used [0x00000000d7280000,0x00000000d767b6b8,0x00000000d7680000)
  to   space 4096K, 0% used [0x00000000d6e80000,0x00000000d6e80000,0x00000000d7280000)
 ParOldGen       total 68608K, used 4888K [0x0000000080000000, 0x0000000084300000, 0x00000000d5580000)
  object space 68608K, 7% used [0x0000000080000000,0x00000000804c6330,0x0000000084300000)
 Metaspace       used 19959K, committed 20608K, reserved 1114112K
  class space    used 1998K, committed 2304K, reserved 1048576K
}
Event: 4.259 GC heap after
{Heap after GC invocations=5 (full 0):
 PSYoungGen      total 29184K, used 4089K [0x00000000d5580000, 0x00000000d7900000, 0x0000000100000000)
  eden space 25088K, 0% used [0x00000000d5580000,0x00000000d5580000,0x00000000d6e00000)
  from space 4096K, 99% used [0x00000000d6e80000,0x00000000d727e6b8,0x00000000d7280000)
  to   space 5632K, 0% used [0x00000000d7380000,0x00000000d7380000,0x00000000d7900000)
 ParOldGen       total 68608K, used 5267K [0x0000000080000000, 0x0000000084300000, 0x00000000d5580000)
  object space 68608K, 7% used [0x0000000080000000,0x0000000080524cc8,0x0000000084300000)
 Metaspace       used 19959K, committed 20608K, reserved 1114112K
  class space    used 1998K, committed 2304K, reserved 1048576K
}
Event: 4.357 GC heap before
{Heap before GC invocations=6 (full 0):
 PSYoungGen      total 29184K, used 9237K [0x00000000d5580000, 0x00000000d7900000, 0x0000000100000000)
  eden space 25088K, 20% used [0x00000000d5580000,0x00000000d5a87070,0x00000000d6e00000)
  from space 4096K, 99% used [0x00000000d6e80000,0x00000000d727e6b8,0x00000000d7280000)
  to   space 5632K, 0% used [0x00000000d7380000,0x00000000d7380000,0x00000000d7900000)
 ParOldGen       total 68608K, used 5267K [0x0000000080000000, 0x0000000084300000, 0x00000000d5580000)
  object space 68608K, 7% used [0x0000000080000000,0x0000000080524cc8,0x0000000084300000)
 Metaspace       used 20865K, committed 21504K, reserved 1114112K
  class space    used 2079K, committed 2368K, reserved 1048576K
}
Event: 4.361 GC heap after
{Heap after GC invocations=6 (full 0):
 PSYoungGen      total 29696K, used 4270K [0x00000000d5580000, 0x00000000d7800000, 0x0000000100000000)
  eden space 25088K, 0% used [0x00000000d5580000,0x00000000d5580000,0x00000000d6e00000)
  from space 4608K, 92% used [0x00000000d7380000,0x00000000d77ab900,0x00000000d7800000)
  to   space 4608K, 0% used [0x00000000d6f00000,0x00000000d6f00000,0x00000000d7380000)
 ParOldGen       total 68608K, used 5267K [0x0000000080000000, 0x0000000084300000, 0x00000000d5580000)
  object space 68608K, 7% used [0x0000000080000000,0x0000000080524cc8,0x0000000084300000)
 Metaspace       used 20865K, committed 21504K, reserved 1114112K
  class space    used 2079K, committed 2368K, reserved 1048576K
}
Event: 4.361 GC heap before
{Heap before GC invocations=7 (full 1):
 PSYoungGen      total 29696K, used 4270K [0x00000000d5580000, 0x00000000d7800000, 0x0000000100000000)
  eden space 25088K, 0% used [0x00000000d5580000,0x00000000d5580000,0x00000000d6e00000)
  from space 4608K, 92% used [0x00000000d7380000,0x00000000d77ab900,0x00000000d7800000)
  to   space 4608K, 0% used [0x00000000d6f00000,0x00000000d6f00000,0x00000000d7380000)
 ParOldGen       total 68608K, used 5267K [0x0000000080000000, 0x0000000084300000, 0x00000000d5580000)
  object space 68608K, 7% used [0x0000000080000000,0x0000000080524cc8,0x0000000084300000)
 Metaspace       used 20865K, committed 21504K, reserved 1114112K
  class space    used 2079K, committed 2368K, reserved 1048576K
}
Event: 4.392 GC heap after
{Heap after GC invocations=7 (full 1):
 PSYoungGen      total 29696K, used 0K [0x00000000d5580000, 0x00000000d7800000, 0x0000000100000000)
  eden space 25088K, 0% used [0x00000000d5580000,0x00000000d5580000,0x00000000d6e00000)
  from space 4608K, 0% used [0x00000000d7380000,0x00000000d7380000,0x00000000d7800000)
  to   space 4608K, 0% used [0x00000000d6f00000,0x00000000d6f00000,0x00000000d7380000)
 ParOldGen       total 68608K, used 8935K [0x0000000080000000, 0x0000000084300000, 0x00000000d5580000)
  object space 68608K, 13% used [0x0000000080000000,0x00000000808b9fd0,0x0000000084300000)
 Metaspace       used 20852K, committed 21504K, reserved 1114112K
  class space    used 2076K, committed 2368K, reserved 1048576K
}

Dll operation events (10 events):
Event: 0.009 Loaded shared library c:\Users\Yiðit Enes\.antigravity\extensions\redhat.java-1.50.0-win32-x64\jre\21.0.9-win32-x86_64\bin\java.dll
Event: 0.047 Loaded shared library c:\Users\Yiðit Enes\.antigravity\extensions\redhat.java-1.50.0-win32-x64\jre\21.0.9-win32-x86_64\bin\zip.dll
Event: 0.117 Loaded shared library C:\Users\Yiðit Enes\.antigravity\extensions\redhat.java-1.50.0-win32-x64\jre\21.0.9-win32-x86_64\bin\instrument.dll
Event: 0.125 Loaded shared library C:\Users\Yiðit Enes\.antigravity\extensions\redhat.java-1.50.0-win32-x64\jre\21.0.9-win32-x86_64\bin\net.dll
Event: 0.132 Loaded shared library C:\Users\Yiðit Enes\.antigravity\extensions\redhat.java-1.50.0-win32-x64\jre\21.0.9-win32-x86_64\bin\nio.dll
Event: 0.139 Loaded shared library C:\Users\Yiðit Enes\.antigravity\extensions\redhat.java-1.50.0-win32-x64\jre\21.0.9-win32-x86_64\bin\zip.dll
Event: 0.159 Loaded shared library C:\Users\Yiðit Enes\.antigravity\extensions\redhat.java-1.50.0-win32-x64\jre\21.0.9-win32-x86_64\bin\jimage.dll
Event: 0.296 Loaded shared library c:\Users\Yiðit Enes\.antigravity\extensions\redhat.java-1.50.0-win32-x64\jre\21.0.9-win32-x86_64\bin\verify.dll
Event: 2.109 Loaded shared library C:\Users\Yiðit Enes\AppData\Roaming\Antigravity\User\globalStorage\redhat.java\1.50.0\config_ss_win\org.eclipse.equinox.launcher\org.eclipse.equinox.launcher.win32.win32.x86_64_1.2.1400.v20250801-0854\eclipse_11916.dll
Event: 3.526 Loaded shared library C:\Users\Yiðit Enes\AppData\Local\Temp\jna--1176778232\jna3714881934145683738.dll

Deoptimization events (20 events):
Event: 3.731 Thread 0x0000022afd6a3e40 Uncommon trap: trap_request=0xffffffde fr.pc=0x0000022aa6de6f88 relative=0x0000000000000248
Event: 3.731 Thread 0x0000022afd6a3e40 Uncommon trap: reason=class_check action=maybe_recompile pc=0x0000022aa6de6f88 method=java.util.regex.Pattern$BmpCharPropertyGreedy.match(Ljava/util/regex/Matcher;ILjava/lang/CharSequence;)Z @ 70 c2
Event: 3.731 Thread 0x0000022afd6a3e40 DEOPT PACKING pc=0x0000022aa6de6f88 sp=0x000000ac40ff3340
Event: 3.731 Thread 0x0000022afd6a3e40 DEOPT UNPACKING pc=0x0000022aa6796da2 sp=0x000000ac40ff32e8 mode 2
Event: 3.731 Thread 0x0000022afd6a3e40 Uncommon trap: trap_request=0xffffffde fr.pc=0x0000022aa6de6f88 relative=0x0000000000000248
Event: 3.731 Thread 0x0000022afd6a3e40 Uncommon trap: reason=class_check action=maybe_recompile pc=0x0000022aa6de6f88 method=java.util.regex.Pattern$BmpCharPropertyGreedy.match(Ljava/util/regex/Matcher;ILjava/lang/CharSequence;)Z @ 70 c2
Event: 3.731 Thread 0x0000022afd6a3e40 DEOPT PACKING pc=0x0000022aa6de6f88 sp=0x000000ac40ff3500
Event: 3.731 Thread 0x0000022afd6a3e40 DEOPT UNPACKING pc=0x0000022aa6796da2 sp=0x000000ac40ff34a8 mode 2
Event: 3.731 Thread 0x0000022afd6a3e40 Uncommon trap: trap_request=0xffffffde fr.pc=0x0000022aa6de6f88 relative=0x0000000000000248
Event: 3.731 Thread 0x0000022afd6a3e40 Uncommon trap: reason=class_check action=maybe_recompile pc=0x0000022aa6de6f88 method=java.util.regex.Pattern$BmpCharPropertyGreedy.match(Ljava/util/regex/Matcher;ILjava/lang/CharSequence;)Z @ 70 c2
Event: 3.731 Thread 0x0000022afd6a3e40 DEOPT PACKING pc=0x0000022aa6de6f88 sp=0x000000ac40ff3350
Event: 3.731 Thread 0x0000022afd6a3e40 DEOPT UNPACKING pc=0x0000022aa6796da2 sp=0x000000ac40ff32f8 mode 2
Event: 4.328 Thread 0x0000022afd6a3e40 Uncommon trap: trap_request=0xffffff45 fr.pc=0x0000022aa6e234a4 relative=0x0000000000000184
Event: 4.328 Thread 0x0000022afd6a3e40 Uncommon trap: reason=unstable_if action=reinterpret pc=0x0000022aa6e234a4 method=org.lombokweb.asm.ByteVector.putByteArray([BII)Lorg/lombokweb/asm/ByteVector; @ 20 c2
Event: 4.328 Thread 0x0000022afd6a3e40 DEOPT PACKING pc=0x0000022aa6e234a4 sp=0x000000ac40ff2a10
Event: 4.328 Thread 0x0000022afd6a3e40 DEOPT UNPACKING pc=0x0000022aa6796da2 sp=0x000000ac40ff29e0 mode 2
Event: 4.328 Thread 0x0000022afd6a3e40 Uncommon trap: trap_request=0xffffff45 fr.pc=0x0000022aa6e20fa4 relative=0x0000000000000364
Event: 4.328 Thread 0x0000022afd6a3e40 Uncommon trap: reason=unstable_if action=reinterpret pc=0x0000022aa6e20fa4 method=org.lombokweb.asm.Label.resolve([BLorg/lombokweb/asm/ByteVector;I)Z @ 81 c2
Event: 4.328 Thread 0x0000022afd6a3e40 DEOPT PACKING pc=0x0000022aa6e20fa4 sp=0x000000ac40ff2aa0
Event: 4.328 Thread 0x0000022afd6a3e40 DEOPT UNPACKING pc=0x0000022aa6796da2 sp=0x000000ac40ff29a8 mode 2

Classes loaded (20 events):
Event: 3.717 Loading class java/util/zip/GZIPInputStream
Event: 3.717 Loading class java/util/zip/GZIPInputStream done
Event: 3.720 Loading class java/io/StringReader
Event: 3.721 Loading class java/io/StringReader done
Event: 3.767 Loading class java/net/SocketTimeoutException
Event: 3.767 Loading class java/io/InterruptedIOException
Event: 3.767 Loading class java/io/InterruptedIOException done
Event: 3.768 Loading class java/net/SocketTimeoutException done
Event: 3.768 Loading class java/net/SocketException
Event: 3.768 Loading class java/net/SocketException done
Event: 3.768 Loading class java/net/UnknownHostException
Event: 3.768 Loading class java/net/UnknownHostException done
Event: 3.768 Loading class java/net/ProtocolException
Event: 3.768 Loading class java/net/ProtocolException done
Event: 3.798 Loading class java/lang/ThreadLocal$SuppliedThreadLocal
Event: 3.798 Loading class java/lang/ThreadLocal$SuppliedThreadLocal done
Event: 3.815 Loading class java/io/FileWriter
Event: 3.815 Loading class java/io/FileWriter done
Event: 3.816 Loading class java/lang/NegativeArraySizeException
Event: 3.816 Loading class java/lang/NegativeArraySizeException done

Classes unloaded (7 events):
Event: 4.365 Thread 0x0000022ab2aa30b0 Unloading class 0x0000022ab4190800 'java/lang/invoke/LambdaForm$MH+0x0000022ab4190800'
Event: 4.365 Thread 0x0000022ab2aa30b0 Unloading class 0x0000022ab4190400 'java/lang/invoke/LambdaForm$MH+0x0000022ab4190400'
Event: 4.365 Thread 0x0000022ab2aa30b0 Unloading class 0x0000022ab4190000 'java/lang/invoke/LambdaForm$MH+0x0000022ab4190000'
Event: 4.365 Thread 0x0000022ab2aa30b0 Unloading class 0x0000022ab418fc00 'java/lang/invoke/LambdaForm$MH+0x0000022ab418fc00'
Event: 4.365 Thread 0x0000022ab2aa30b0 Unloading class 0x0000022ab418f800 'java/lang/invoke/LambdaForm$BMH+0x0000022ab418f800'
Event: 4.365 Thread 0x0000022ab2aa30b0 Unloading class 0x0000022ab418f400 'java/lang/invoke/LambdaForm$DMH+0x0000022ab418f400'
Event: 4.365 Thread 0x0000022ab2aa30b0 Unloading class 0x0000022ab418e400 'java/lang/invoke/LambdaForm$DMH+0x0000022ab418e400'

Classes redefined (0 events):
No events

Internal exceptions (20 events):
Event: 3.546 Thread 0x0000022afd6a3e40 Exception <a 'java/lang/NoSuchMethodError'{0x00000000d66735e0}: 'void java.lang.invoke.DelegatingMethodHandle$Holder.reinvoke_L(java.lang.Object, java.lang.Object, int)'> (0x00000000d66735e0) 
thrown [s\src\hotspot\share\interpreter\linkResolver.cpp, line 773]
Event: 3.547 Thread 0x0000022afd6a3e40 Exception <a 'java/lang/NoSuchMethodError'{0x00000000d667a2c8}: 'int java.lang.invoke.Invokers$Holder.invokeExact_MT(java.lang.Object, java.lang.Object, java.lang.Object)'> (0x00000000d667a2c8) 
thrown [s\src\hotspot\share\interpreter\linkResolver.cpp, line 773]
Event: 3.571 Thread 0x0000022afd6a3e40 Exception <a 'java/lang/NoSuchMethodError'{0x00000000d6790c30}: 'void java.lang.invoke.Invokers$Holder.invokeExact_MT(java.lang.Object, java.lang.Object, int, java.lang.Object)'> (0x00000000d6790c30) 
thrown [s\src\hotspot\share\interpreter\linkResolver.cpp, line 773]
Event: 3.585 Thread 0x0000022afd6a3e40 Exception <a 'java/lang/NoSuchMethodError'{0x00000000d6881738}: 'java.lang.Object java.lang.invoke.DirectMethodHandle$Holder.invokeSpecial(java.lang.Object, java.lang.Object, java.lang.Object, long, java.lang.Object)'> (0x00000000d6881738) 
thrown [s\src\hotspot\share\interpreter\linkResolver.cpp, line 773]
Event: 3.585 Thread 0x0000022afd6a3e40 Exception <a 'java/lang/NoSuchMethodError'{0x00000000d6888f80}: 'java.lang.Object java.lang.invoke.DirectMethodHandle$Holder.newInvokeSpecial(java.lang.Object, java.lang.Object, java.lang.Object, long)'> (0x00000000d6888f80) 
thrown [s\src\hotspot\share\interpreter\linkResolver.cpp, line 773]
Event: 3.586 Thread 0x0000022afd6a3e40 Exception <a 'java/lang/NoSuchMethodError'{0x00000000d688d330}: 'java.lang.Object java.lang.invoke.DirectMethodHandle$Holder.invokeSpecial(java.lang.Object, java.lang.Object, java.lang.Object, java.lang.Object, long)'> (0x00000000d688d330) 
thrown [s\src\hotspot\share\interpreter\linkResolver.cpp, line 773]
Event: 3.586 Thread 0x0000022afd6a3e40 Exception <a 'java/lang/NoSuchMethodError'{0x00000000d6890f50}: 'java.lang.Object java.lang.invoke.Invokers$Holder.linkToTargetMethod(java.lang.Object, java.lang.Object, long, java.lang.Object)'> (0x00000000d6890f50) 
thrown [s\src\hotspot\share\interpreter\linkResolver.cpp, line 773]
Event: 3.597 Thread 0x0000022afd6a3e40 Exception <a 'java/lang/NoSuchMethodError'{0x00000000d690a190}: 'int java.lang.invoke.DirectMethodHandle$Holder.invokeStaticInit(java.lang.Object, java.lang.Object, java.lang.Object)'> (0x00000000d690a190) 
thrown [s\src\hotspot\share\interpreter\linkResolver.cpp, line 773]
Event: 3.610 Thread 0x0000022afd6a3e40 Exception <a 'java/lang/IncompatibleClassChangeError'{0x00000000d6995558}: Found class java.lang.Object, but interface was expected> (0x00000000d6995558) 
thrown [s\src\hotspot\share\interpreter\linkResolver.cpp, line 840]
Event: 3.616 Thread 0x0000022afd6a3e40 Exception <a 'java/lang/NoSuchMethodError'{0x00000000d69b10b0}: 'java.lang.Object java.lang.invoke.DirectMethodHandle$Holder.invokeSpecial(java.lang.Object, java.lang.Object, java.lang.Object, int, java.lang.Object, java.lang.Object)'> (0x00000000d69b10b0) 
thrown [s\src\hotspot\share\interpreter\linkResolver.cpp, line 773]
Event: 3.616 Thread 0x0000022afd6a3e40 Exception <a 'java/lang/NoSuchMethodError'{0x00000000d69b8b88}: 'java.lang.Object java.lang.invoke.DirectMethodHandle$Holder.newInvokeSpecial(java.lang.Object, java.lang.Object, java.lang.Object, int, java.lang.Object)'> (0x00000000d69b8b88) 
thrown [s\src\hotspot\share\interpreter\linkResolver.cpp, line 773]
Event: 3.617 Thread 0x0000022afd6a3e40 Exception <a 'java/lang/NoSuchMethodError'{0x00000000d69bcb08}: 'java.lang.Object java.lang.invoke.DirectMethodHandle$Holder.invokeSpecial(java.lang.Object, java.lang.Object, java.lang.Object, java.lang.Object, int, java.lang.Object)'> (0x00000000d69bcb08) 
thrown [s\src\hotspot\share\interpreter\linkResolver.cpp, line 773]
Event: 3.618 Thread 0x0000022afd6a3e40 Exception <a 'java/lang/NoSuchMethodError'{0x00000000d69c0648}: 'java.lang.Object java.lang.invoke.Invokers$Holder.linkToTargetMethod(java.lang.Object, java.lang.Object, int, java.lang.Object, java.lang.Object)'> (0x00000000d69c0648) 
thrown [s\src\hotspot\share\interpreter\linkResolver.cpp, line 773]
Event: 3.618 Thread 0x0000022afde0a980 Exception <a 'java/lang/NoSuchMethodError'{0x00000000d68b79d0}: 'java.lang.Object java.lang.invoke.DirectMethodHandle$Holder.invokeSpecial(java.lang.Object, java.lang.Object, int, java.lang.Object, java.lang.Object)'> (0x00000000d68b79d0) 
thrown [s\src\hotspot\share\interpreter\linkResolver.cpp, line 773]
Event: 3.619 Thread 0x0000022afde0a980 Exception <a 'java/lang/NoSuchMethodError'{0x00000000d68be708}: 'java.lang.Object java.lang.invoke.DirectMethodHandle$Holder.newInvokeSpecial(java.lang.Object, java.lang.Object, int, java.lang.Object)'> (0x00000000d68be708) 
thrown [s\src\hotspot\share\interpreter\linkResolver.cpp, line 773]
Event: 3.619 Thread 0x0000022afde0a980 Exception <a 'java/lang/NoSuchMethodError'{0x00000000d68c1fe8}: 'java.lang.Object java.lang.invoke.DirectMethodHandle$Holder.invokeSpecial(java.lang.Object, java.lang.Object, java.lang.Object, int, java.lang.Object)'> (0x00000000d68c1fe8) 
thrown [s\src\hotspot\share\interpreter\linkResolver.cpp, line 773]
Event: 3.644 Thread 0x0000022afd6a3e40 Exception <a 'java/lang/NoSuchMethodError'{0x00000000d6ace838}: 'void java.lang.invoke.DirectMethodHandle$Holder.invokeSpecial(java.lang.Object, java.lang.Object, java.lang.Object, java.lang.Object, java.lang.Object)'> (0x00000000d6ace838) 
thrown [s\src\hotspot\share\interpreter\linkResolver.cpp, line 773]
Event: 3.699 Thread 0x0000022afd6a3e40 Exception <a 'java/lang/NoSuchMethodError'{0x00000000d6dc04e8}: 'double java.lang.invoke.DirectMethodHandle$Holder.invokeStatic(java.lang.Object, java.lang.Object)'> (0x00000000d6dc04e8) 
thrown [s\src\hotspot\share\interpreter\linkResolver.cpp, line 773]
Event: 3.700 Thread 0x0000022afd6a3e40 Exception <a 'java/lang/NoSuchMethodError'{0x00000000d6dc3ba8}: 'double java.lang.invoke.DirectMethodHandle$Holder.invokeStaticInit(java.lang.Object, java.lang.Object)'> (0x00000000d6dc3ba8) 
thrown [s\src\hotspot\share\interpreter\linkResolver.cpp, line 773]
Event: 4.328 Thread 0x0000022afd6a3e40 Implicit null exception at 0x0000022aa6e23375 to 0x0000022aa6e23488

ZGC Phase Switch (0 events):
No events

VM Operations (20 events):
Event: 2.089 Executing VM operation: ParallelGCFailedAllocation (Allocation Failure)
Event: 2.096 Executing VM operation: ParallelGCFailedAllocation (Allocation Failure) done
Event: 2.347 Executing VM operation: HandshakeAllThreads (Deoptimize)
Event: 2.347 Executing VM operation: HandshakeAllThreads (Deoptimize) done
Event: 2.610 Executing VM operation: HandshakeAllThreads (Deoptimize)
Event: 2.610 Executing VM operation: HandshakeAllThreads (Deoptimize) done
Event: 2.694 Executing VM operation: ParallelGCFailedAllocation (Allocation Failure)
Event: 2.700 Executing VM operation: ParallelGCFailedAllocation (Allocation Failure) done
Event: 2.814 Executing VM operation: HandshakeAllThreads (Deoptimize)
Event: 2.814 Executing VM operation: HandshakeAllThreads (Deoptimize) done
Event: 2.820 Executing VM operation: HandshakeAllThreads (Deoptimize)
Event: 2.820 Executing VM operation: HandshakeAllThreads (Deoptimize) done
Event: 3.535 Executing VM operation: HandshakeAllThreads (Deoptimize)
Event: 3.536 Executing VM operation: HandshakeAllThreads (Deoptimize) done
Event: 3.724 Executing VM operation: ParallelGCFailedAllocation (Allocation Failure)
Event: 3.729 Executing VM operation: ParallelGCFailedAllocation (Allocation Failure) done
Event: 4.256 Executing VM operation: ParallelGCFailedAllocation (Allocation Failure)
Event: 4.259 Executing VM operation: ParallelGCFailedAllocation (Allocation Failure) done
Event: 4.357 Executing VM operation: CollectForMetadataAllocation (Metadata GC Threshold)
Event: 4.392 Executing VM operation: CollectForMetadataAllocation (Metadata GC Threshold) done

Memory protections (0 events):
No events

Nmethod flushes (0 events):
No events

Events (20 events):
Event: 0.120 Thread 0x0000022a9bfff570 Thread added: 0x0000022af5ce9b80
Event: 0.481 Thread 0x0000022a9bfff570 Thread added: 0x0000022af5e2e890
Event: 0.647 Thread 0x0000022ab2ab7560 Thread added: 0x0000022af5e34ed0
Event: 0.711 Thread 0x0000022af5ae1840 Thread added: 0x0000022afd4dcda0
Event: 1.147 Thread 0x0000022afd4dcda0 Thread exited: 0x0000022afd4dcda0
Event: 1.148 Thread 0x0000022af5e34ed0 Thread exited: 0x0000022af5e34ed0
Event: 1.519 Thread 0x0000022af5ae1840 Thread added: 0x0000022afd63fd00
Event: 1.889 Thread 0x0000022a9bfff570 Thread added: 0x0000022afda10d00
Event: 2.085 Thread 0x0000022a9bfff570 Thread added: 0x0000022afd604e10
Event: 2.099 Thread 0x0000022a9bfff570 Thread added: 0x0000022afd6a3e40
Event: 2.324 Thread 0x0000022afd6a3e40 Thread added: 0x0000022afd7001d0
Event: 2.643 Thread 0x0000022afd6a3e40 Thread added: 0x0000022afd68dd00
Event: 2.965 Thread 0x0000022afd63fd00 Thread exited: 0x0000022afd63fd00
Event: 2.975 Thread 0x0000022af5ae1840 Thread added: 0x0000022afd9f5f40
Event: 3.178 Thread 0x0000022afd9f5f40 Thread exited: 0x0000022afd9f5f40
Event: 3.553 Thread 0x0000022afd6a3e40 Thread added: 0x0000022afde083b0
Event: 3.590 Thread 0x0000022afd6a3e40 Thread added: 0x0000022afde0a980
Event: 3.619 Thread 0x0000022afd6a3e40 Thread added: 0x0000022afde09a50
Event: 3.742 Thread 0x0000022af5ae1840 Thread added: 0x0000022afdd58060
Event: 4.051 Thread 0x0000022afdd58060 Thread exited: 0x0000022afdd58060


Dynamic libraries:
0x00007ff634850000 - 0x00007ff63485e000 	c:\Users\Yiðit Enes\.antigravity\extensions\redhat.java-1.50.0-win32-x64\jre\21.0.9-win32-x86_64\bin\java.exe
0x00007ffb906d0000 - 0x00007ffb908c8000 	C:\Windows\SYSTEM32\ntdll.dll
0x00007ffb8e9e0000 - 0x00007ffb8eaa2000 	C:\Windows\System32\KERNEL32.DLL
0x00007ffb8dfe0000 - 0x00007ffb8e2d6000 	C:\Windows\System32\KERNELBASE.dll
0x00007ffb8dd60000 - 0x00007ffb8de60000 	C:\Windows\System32\ucrtbase.dll
0x00007ffb5bef0000 - 0x00007ffb5bf0e000 	c:\Users\Yiðit Enes\.antigravity\extensions\redhat.java-1.50.0-win32-x64\jre\21.0.9-win32-x86_64\bin\VCRUNTIME140.dll
0x00007ffb5bd50000 - 0x00007ffb5bd68000 	c:\Users\Yiðit Enes\.antigravity\extensions\redhat.java-1.50.0-win32-x64\jre\21.0.9-win32-x86_64\bin\jli.dll
0x00007ffb8fd80000 - 0x00007ffb8ff21000 	C:\Windows\System32\USER32.dll
0x00007ffb8e6c0000 - 0x00007ffb8e6e2000 	C:\Windows\System32\win32u.dll
0x00007ffb78c30000 - 0x00007ffb78ecb000 	C:\Windows\WinSxS\amd64_microsoft.windows.common-controls_6595b64144ccf1df_6.0.19041.6456_none_60b8a6cb71f64256\COMCTL32.dll
0x00007ffb900e0000 - 0x00007ffb9010b000 	C:\Windows\System32\GDI32.dll
0x00007ffb8e870000 - 0x00007ffb8e90e000 	C:\Windows\System32\msvcrt.dll
0x00007ffb8e5a0000 - 0x00007ffb8e6b9000 	C:\Windows\System32\gdi32full.dll
0x00007ffb8e4d0000 - 0x00007ffb8e56d000 	C:\Windows\System32\msvcp_win.dll
0x00007ffb8fbd0000 - 0x00007ffb8fbff000 	C:\Windows\System32\IMM32.DLL
0x00007ffb793b0000 - 0x00007ffb793bc000 	c:\Users\Yiðit Enes\.antigravity\extensions\redhat.java-1.50.0-win32-x64\jre\21.0.9-win32-x86_64\bin\vcruntime140_1.dll
0x00007ffb314c0000 - 0x00007ffb3154d000 	c:\Users\Yiðit Enes\.antigravity\extensions\redhat.java-1.50.0-win32-x64\jre\21.0.9-win32-x86_64\bin\msvcp140.dll
0x00007ffaed3e0000 - 0x00007ffaee180000 	c:\Users\Yiðit Enes\.antigravity\extensions\redhat.java-1.50.0-win32-x64\jre\21.0.9-win32-x86_64\bin\server\jvm.dll
0x00007ffb8fa70000 - 0x00007ffb8fb21000 	C:\Windows\System32\ADVAPI32.dll
0x00007ffb8fb30000 - 0x00007ffb8fbcf000 	C:\Windows\System32\sechost.dll
0x00007ffb8fc00000 - 0x00007ffb8fd20000 	C:\Windows\System32\RPCRT4.dll
0x00007ffb8e570000 - 0x00007ffb8e597000 	C:\Windows\System32\bcrypt.dll
0x00007ffb90620000 - 0x00007ffb9068b000 	C:\Windows\System32\WS2_32.dll
0x00007ffb7f690000 - 0x00007ffb7f6b7000 	C:\Windows\SYSTEM32\WINMM.dll
0x00007ffb8d2a0000 - 0x00007ffb8d2eb000 	C:\Windows\SYSTEM32\POWRPROF.dll
0x00007ffb85fb0000 - 0x00007ffb85fba000 	C:\Windows\SYSTEM32\VERSION.dll
0x00007ffb8d160000 - 0x00007ffb8d172000 	C:\Windows\SYSTEM32\UMPDC.dll
0x00007ffb8bd90000 - 0x00007ffb8bda2000 	C:\Windows\SYSTEM32\kernel.appcore.dll
0x00007ffb78ed0000 - 0x00007ffb78eda000 	c:\Users\Yiðit Enes\.antigravity\extensions\redhat.java-1.50.0-win32-x64\jre\21.0.9-win32-x86_64\bin\jimage.dll
0x00007ffb8b900000 - 0x00007ffb8bb01000 	C:\Windows\SYSTEM32\DBGHELP.DLL
0x00007ffb7b3a0000 - 0x00007ffb7b3d4000 	C:\Windows\SYSTEM32\dbgcore.DLL
0x00007ffb8e440000 - 0x00007ffb8e4c2000 	C:\Windows\System32\bcryptPrimitives.dll
0x00007ffb775f0000 - 0x00007ffb775ff000 	c:\Users\Yiðit Enes\.antigravity\extensions\redhat.java-1.50.0-win32-x64\jre\21.0.9-win32-x86_64\bin\instrument.dll
0x00007ffb5b830000 - 0x00007ffb5b850000 	c:\Users\Yiðit Enes\.antigravity\extensions\redhat.java-1.50.0-win32-x64\jre\21.0.9-win32-x86_64\bin\java.dll
0x00007ffb8ecb0000 - 0x00007ffb8f420000 	C:\Windows\System32\SHELL32.dll
0x00007ffb8bdd0000 - 0x00007ffb8c575000 	C:\Windows\SYSTEM32\windows.storage.dll
0x00007ffb902c0000 - 0x00007ffb90614000 	C:\Windows\System32\combase.dll
0x00007ffb8d790000 - 0x00007ffb8d7bb000 	C:\Windows\SYSTEM32\Wldp.dll
0x00007ffb8e910000 - 0x00007ffb8e9dd000 	C:\Windows\System32\OLEAUT32.dll
0x00007ffb8f4b0000 - 0x00007ffb8f55d000 	C:\Windows\System32\SHCORE.dll
0x00007ffb8f570000 - 0x00007ffb8f5cb000 	C:\Windows\System32\shlwapi.dll
0x00007ffb8dc90000 - 0x00007ffb8dcb4000 	C:\Windows\SYSTEM32\profapi.dll
0x00007ffb5af80000 - 0x00007ffb5af98000 	c:\Users\Yiðit Enes\.antigravity\extensions\redhat.java-1.50.0-win32-x64\jre\21.0.9-win32-x86_64\bin\zip.dll
0x00007ffb78a90000 - 0x00007ffb78aa0000 	C:\Users\Yiðit Enes\.antigravity\extensions\redhat.java-1.50.0-win32-x64\jre\21.0.9-win32-x86_64\bin\net.dll
0x00007ffb878f0000 - 0x00007ffb879fa000 	C:\Windows\SYSTEM32\WINHTTP.dll
0x00007ffb8d4f0000 - 0x00007ffb8d55a000 	C:\Windows\system32\mswsock.dll
0x00007ffb4f790000 - 0x00007ffb4f7a6000 	C:\Users\Yiðit Enes\.antigravity\extensions\redhat.java-1.50.0-win32-x64\jre\21.0.9-win32-x86_64\bin\nio.dll
0x00007ffb76080000 - 0x00007ffb76090000 	c:\Users\Yiðit Enes\.antigravity\extensions\redhat.java-1.50.0-win32-x64\jre\21.0.9-win32-x86_64\bin\verify.dll
0x00007ffb45550000 - 0x00007ffb45594000 	C:\Users\Yiðit Enes\AppData\Roaming\Antigravity\User\globalStorage\redhat.java\1.50.0\config_ss_win\org.eclipse.equinox.launcher\org.eclipse.equinox.launcher.win32.win32.x86_64_1.2.1400.v20250801-0854\eclipse_11916.dll
0x00007ffb8ffb0000 - 0x00007ffb900db000 	C:\Windows\System32\ole32.dll
0x00007ffb8d6e0000 - 0x00007ffb8d6f8000 	C:\Windows\SYSTEM32\CRYPTSP.dll
0x00007ffb8cda0000 - 0x00007ffb8cdd8000 	C:\Windows\system32\rsaenh.dll
0x00007ffb8dc10000 - 0x00007ffb8dc3e000 	C:\Windows\SYSTEM32\USERENV.dll
0x00007ffb8d700000 - 0x00007ffb8d70c000 	C:\Windows\SYSTEM32\CRYPTBASE.dll
0x00007ffb8d180000 - 0x00007ffb8d1bb000 	C:\Windows\SYSTEM32\IPHLPAPI.DLL
0x00007ffb8f560000 - 0x00007ffb8f568000 	C:\Windows\System32\NSI.dll
0x00007ffb44580000 - 0x00007ffb445c9000 	C:\Users\Yiðit Enes\AppData\Local\Temp\jna--1176778232\jna3714881934145683738.dll
0x00007ffb8e7a0000 - 0x00007ffb8e7a8000 	C:\Windows\System32\PSAPI.DLL

JVMTI agents:
c:\Users\Yiðit Enes\.antigravity\extensions\redhat.java-1.50.0-win32-x64\lombok\lombok-1.18.39-4050.jar path:c:\Users\Yiðit Enes\.antigravity\extensions\redhat.java-1.50.0-win32-x64\jre\21.0.9-win32-x86_64\bin\instrument.dll, loaded, initialized, instrumentlib options:none

dbghelp: loaded successfully - version: 4.0.5 - missing functions: none
symbol engine: initialized successfully - sym options: 0x614 - pdb path: .;c:\Users\Yiðit Enes\.antigravity\extensions\redhat.java-1.50.0-win32-x64\jre\21.0.9-win32-x86_64\bin;C:\Windows\SYSTEM32;C:\Windows\WinSxS\amd64_microsoft.windows.common-controls_6595b64144ccf1df_6.0.19041.6456_none_60b8a6cb71f64256;c:\Users\Yiðit Enes\.antigravity\extensions\redhat.java-1.50.0-win32-x64\jre\21.0.9-win32-x86_64\bin\server;C:\Users\Yiðit Enes\AppData\Roaming\Antigravity\User\globalStorage\redhat.java\1.50.0\config_ss_win\org.eclipse.equinox.launcher\org.eclipse.equinox.launcher.win32.win32.x86_64_1.2.1400.v20250801-0854;C:\Users\Yiðit Enes\AppData\Local\Temp\jna--1176778232

VM Arguments:
jvm_args: --add-modules=ALL-SYSTEM --add-opens=java.base/java.util=ALL-UNNAMED --add-opens=java.base/java.lang=ALL-UNNAMED --add-opens=java.base/sun.nio.fs=ALL-UNNAMED -Declipse.application=org.eclipse.jdt.ls.core.id1 -Dosgi.bundles.defaultStartLevel=4 -Declipse.product=org.eclipse.jdt.ls.core.product -Djava.import.generatesMetadataFilesAtProjectRoot=false -DDetectVMInstallationsJob.disabled=true -Dfile.encoding=utf8 -XX:+UseParallelGC -XX:GCTimeRatio=4 -XX:AdaptiveSizePolicyWeight=90 -Dsun.zip.disableMemoryMapping=true -Xmx2G -Xms100m -Xlog:disable -javaagent:c:\Users\Yiðit Enes\.antigravity\extensions\redhat.java-1.50.0-win32-x64\lombok\lombok-1.18.39-4050.jar 
java_command: c:\Users\Yiðit Enes\.antigravity\extensions\redhat.java-1.50.0-win32-x64\server\plugins\org.eclipse.equinox.launcher_1.7.100.v20251111-0406.jar -configuration c:\Users\Yiðit Enes\AppData\Roaming\Antigravity\User\globalStorage\redhat.java\1.50.0\config_ss_win -data c:\Users\Yiðit Enes\AppData\Roaming\Antigravity\User\workspaceStorage\e9f5f340ce0226c7663030fdd03c03cc\redhat.java\ss_ws --pipe=\\.\pipe\lsp-c0da98c2f9fc07864294658bbae0b8f9-sock
java_class_path (initial): c:\Users\Yiðit Enes\.antigravity\extensions\redhat.java-1.50.0-win32-x64\server\plugins\org.eclipse.equinox.launcher_1.7.100.v20251111-0406.jar
Launcher Type: SUN_STANDARD

[Global flags]
    uintx AdaptiveSizePolicyWeight                 = 90                                        {product} {command line}
     intx CICompilerCount                          = 4                                         {product} {ergonomic}
    uintx GCTimeRatio                              = 4                                         {product} {command line}
   size_t InitialHeapSize                          = 104857600                                 {product} {command line}
   size_t MaxHeapSize                              = 2147483648                                {product} {command line}
   size_t MaxNewSize                               = 715653120                                 {product} {ergonomic}
   size_t MinHeapDeltaBytes                        = 524288                                    {product} {ergonomic}
   size_t MinHeapSize                              = 104857600                                 {product} {command line}
   size_t NewSize                                  = 34603008                                  {product} {ergonomic}
    uintx NonNMethodCodeHeapSize                   = 5839372                                {pd product} {ergonomic}
    uintx NonProfiledCodeHeapSize                  = 122909434                              {pd product} {ergonomic}
   size_t OldSize                                  = 70254592                                  {product} {ergonomic}
    uintx ProfiledCodeHeapSize                     = 122909434                              {pd product} {ergonomic}
    uintx ReservedCodeCacheSize                    = 251658240                              {pd product} {ergonomic}
     bool SegmentedCodeCache                       = true                                      {product} {ergonomic}
   size_t SoftMaxHeapSize                          = 2147483648                             {manageable} {ergonomic}
     bool UseCompressedOops                        = true                           {product lp64_product} {ergonomic}
     bool UseLargePagesIndividualAllocation        = false                                  {pd product} {ergonomic}
     bool UseParallelGC                            = true                                      {product} {command line}

Logging:
Log output configuration:
 #0: stdout all=off uptime,level,tags foldmultilines=false
 #1: stderr all=off uptime,level,tags foldmultilines=false

Release file:
JAVA_VERSION="21.0.9" 
MODULES="java.base java.compiler java.datatransfer java.xml java.prefs java.desktop java.instrument java.logging java.management java.security.sasl java.naming java.rmi java.management.rmi java.net.http java.scripting java.security.jgss java.transaction.xa java.sql java.sql.rowset java.xml.crypto java.se java.smartcardio jdk.accessibility jdk.internal.jvmstat jdk.attach jdk.charsets jdk.internal.opt jdk.zipfs jdk.compiler jdk.crypto.ec jdk.crypto.cryptoki jdk.crypto.mscapi jdk.dynalink jdk.internal.ed jdk.editpad jdk.hotspot.agent jdk.httpserver jdk.internal.le jdk.internal.vm.ci jdk.internal.vm.compiler jdk.internal.vm.compiler.management jdk.jartool jdk.javadoc jdk.jcmd jdk.management jdk.management.agent jdk.jconsole jdk.jdeps jdk.jdwp.agent jdk.jdi jdk.jfr jdk.jshell jdk.jsobject jdk.jstatd jdk.localedata jdk.management.jfr jdk.naming.dns jdk.naming.rmi jdk.net jdk.nio.mapmode jdk.random jdk.sctp jdk.security.auth jdk.security.jgss jdk.unsupported jdk.unsupported.desktop jdk.xml.dom" 

Environment Variables:
PATH=C:\Program Files\Eclipse Adoptium\jdk-17.0.17.10-hotspot\bin;C:\Program Files\Microsoft\jdk-11.0.16.101-hotspot\bin;C:\Windows\system32;C:\Windows;C:\Windows\System32\Wbem;C:\Windows\System32\WindowsPowerShell\v1.0\;C:\Windows\System32\OpenSSH\;C:\Program Files (x86)\NVIDIA Corporation\PhysX\Common;C:\Program Files\dotnet\;C:\Program Files\Git\cmd;C:\Program Files\NVIDIA Corporation\NVIDIA app\NvDLISR;C:\MinGW\bin;C:\Program Files\MySQL\MySQL Shell 8.0\bin\;C:\Users\Yiðit Enes\AppData\Local\Microsoft\WindowsApps;C:\Users\Yiðit Enes\AppData\Local\Programs\Microsoft VS Code\bin;C:\Users\Yiðit Enes\AppData\Local\Microsoft\WinGet\Links;C:\Users\Yiðit Enes\AppData\Local\Programs\Antigravity\bin
USERNAME=yigit_E
OS=Windows_NT
PROCESSOR_IDENTIFIER=Intel64 Family 6 Model 141 Stepping 1, GenuineIntel
TMP=C:\Users\YIITEN~1\AppData\Local\Temp
TEMP=C:\Users\YIITEN~1\AppData\Local\Temp




Periodic native trim disabled

---------------  S Y S T E M  ---------------

OS:
 Windows 10 , 64 bit Build 19041 (10.0.19041.5915)
OS uptime: 6 days 4:59 hours

CPU: total 12 (initial active 12) (6 cores per cpu, 2 threads per core) family 6 model 141 stepping 1 microcode 0x34, cx8, cmov, fxsr, ht, mmx, 3dnowpref, sse, sse2, sse3, ssse3, sse4.1, sse4.2, popcnt, lzcnt, tsc, tscinvbit, avx, avx2, aes, erms, clmul, bmi1, bmi2, adx, avx512f, avx512dq, avx512cd, avx512bw, avx512vl, sha, fma, vzeroupper, avx512_vpopcntdq, avx512_vpclmulqdq, avx512_vaes, avx512_vnni, clflush, clflushopt, clwb, avx512_vbmi2, avx512_vbmi, rdtscp, rdpid, fsrm, gfni, avx512_bitalg, f16c, pku, cet_ibt, cet_ss, avx512_ifma
Processor Information for the first 12 processors :
  Max Mhz: 2688, Current Mhz: 2688, Mhz Limit: 2688

Memory: 4k page, system-wide physical 7963M (569M free)
TotalPageFile size 16155M (AvailPageFile size 29M)
current process WorkingSet (physical memory assigned to process): 141M, peak: 141M
current process commit charge ("private bytes"): 282M, peak: 282M

vm_info: OpenJDK 64-Bit Server VM (21.0.9+10-LTS) for windows-amd64 JRE (21.0.9+10-LTS), built on 2025-10-21T00:00:00Z by "admin" with unknown MS VC++:1942

END.
